Title,Genre,Description,NumberOfPages,BindingType
The World of Chemistry,Science,"Unlock the secrets of Chemistry with this definitive guide. Explores the complexities of living organisms, ecosystems, and genetic inheritance. A must-have for mastering the fundamentals of the scientific curriculum.",224,hardcover
"Existentialism, 2nd Edition",Philosophy,"Unlock the secrets of Philosophy with this definitive guide. Explores the works of Plato, Aristotle, Kant, and modern thinkers. Essential for developing a structured and logical worldview.",160,hardcover
"Microeconomics, 2nd Edition",Economics,"Unlock the secrets of Economics with this definitive guide. Explores supply and demand, market structures, and fiscal policy. Understand the forces that drive the global economy.",128,hardcover
"Study Skills, Revised",Biology,Unlock the secrets of Biology with this definitive guide. Covers essential topics with clarity and depth. Ideal for students and self-learners alike.,96,hardcover
Introduction to Chemistry,Science,"Unlock the secrets of Chemistry with this definitive guide. Includes detailed lab experiments, safety protocols, and scientific method exercises. A must-have for mastering the fundamentals of the scientific curriculum.",128,hardcover
The Power of Place,Geography,"Unlock the secrets of Geography with this definitive guide. Detailed maps, climate charts, and demographic data analysis. Perfect for students interested in travel, environment, and global politics.",128,paperback
"Cultural Anthropology, 2nd Edition",Social Studies,"Unlock the secrets of Civics with this definitive guide. Investigates global issues like human rights, poverty, and globalization. Critical for navigating the complexities of modern social issues.",224,flexibound
Modern World History,History,"Journey through the annals of History with this comprehensive text. Chronicles the rise and fall of civilizations, wars, and revolutions. A comprehensive guide for anyone passionate about human history.",128,paperback
The Wealth of Nations,Economics,Unlock the secrets of Economics with this definitive guide. Features case studies on business strategy and entrepreneurship. Make informed financial decisions in your personal and professional life.,192,paperback
Critical Thinking,Sociology,Unlock the secrets of Sociology with this definitive guide. Includes varied exercises and review sections. A great resource for comprehensive learning.,240,hardcover
Advanced Chemistry,Science,"Unlock the secrets of Chemistry with this definitive guide. Covers atomic structure, chemical reactions, and the laws of physics. Perfect for budding scientists and future engineers.",160,flexibound
"Mastering English, Vol. 1",Language,"Unlock the secrets of English with this definitive guide. Practice dialogue, pronunciation, and listening skills with interactive modules. Achieve fluency and confidence in communication.",208,hardcover
General Knowledge,Physics,Unlock the secrets of Physics with this definitive guide. Includes varied exercises and review sections. Ideal for students and self-learners alike.,208,paperback
"The Art of Problem Solving, Vol. 1",Math,"Master the logic of Mathematics with this essential workbook. Includes varied practice problems ranging from basic arithmetic to complex equations. Unlock the language of the universe with clear, concise explanations.",224,paperback
"English Grammar in Use, Vol. 1",Language,Unlock the secrets of German with this definitive guide. Features classic literature excerpts for reading comprehension and analysis. Essential for academic writing and professional communication.,224,hardcover
Behavioral Economics,Economics,"Unlock the secrets of Economics with this definitive guide. Explores supply and demand, market structures, and fiscal policy. Understand the forces that drive the global economy.",144,flexibound
"Literature: An Introduction, Revised",Language,"Unlock the secrets of English with this definitive guide. Practice dialogue, pronunciation, and listening skills with interactive modules. Unlock the power of expression through mastering language mechanics.",208,paperback
Physical Geography,Geography,"Unlock the secrets of Geography with this definitive guide. Detailed maps, climate charts, and demographic data analysis. Perfect for students interested in travel, environment, and global politics.",160,flexibound
Medieval Europe,History,"Journey through the annals of History with this comprehensive text. Investigate the cause and effect of global events through the ages. Develops strong research, argumentation, and critical reading skills.",128,flexibound
Mastering German,Language,"Unlock the secrets of German with this definitive guide. Explore the nuances of poetry, prose, and dramatic writing. Unlock the power of expression through mastering language mechanics.",176,flexibound
Meditations,Philosophy,Unlock the secrets of Philosophy with this definitive guide. Learn to construct and deconstruct complex philosophical arguments. Explore the deepest questions of human life and society.,128,hardcover
"The Republic, 2nd Edition",Philosophy,"Unlock the secrets of Philosophy with this definitive guide. Examines the fundamental questions of existence, knowledge, and ethics. Essential for developing a structured and logical worldview.",240,flexibound
Ancient Civilizations,History,"Journey through the annals of History with this comprehensive text. Explore primary sources, timelines of major events, and cultural impact analysis. A comprehensive guide for anyone passionate about human history.",96,hardcover
Advanced Chemistry,Science,"Unlock the secrets of Chemistry with this definitive guide. Covers atomic structure, chemical reactions, and the laws of physics. Perfect for budding scientists and future engineers.",240,flexibound
"Discovering Science, Vol. 1",Science,"Unlock the secrets of Science with this definitive guide. Explores the complexities of living organisms, ecosystems, and genetic inheritance. Helps students understand the natural world through empirical evidence.",208,hardcover
Human Geography,Geography,"Unlock the secrets of Geography with this definitive guide. Investigates human population trends, urbanization, and economic geography. Perfect for students interested in travel, environment, and global politics.",208,flexibound
Literature: An Introduction,Language,Unlock the secrets of German with this definitive guide. Features classic literature excerpts for reading comprehension and analysis. Essential for academic writing and professional communication.,176,flexibound
Creative Writing 101,Language,"Unlock the secrets of German with this definitive guide. Explore the nuances of poetry, prose, and dramatic writing. Achieve fluency and confidence in communication.",240,paperback
The World of Chemistry,Science,"Unlock the secrets of Chemistry with this definitive guide. Explores the complexities of living organisms, ecosystems, and genetic inheritance. Develops critical observation and analytical skills required for STEM fields.",144,hardcover
"A People's History of Europe, 2nd Edition",History,Journey through the annals of History with this comprehensive text. Investigate the cause and effect of global events through the ages. A comprehensive guide for anyone passionate about human history.,160,hardcover
"General Knowledge, Revised",General,Unlock the secrets of Technology with this definitive guide. Includes varied exercises and review sections. Ideal for students and self-learners alike.,96,flexibound
Human Geography,Geography,Unlock the secrets of Geography with this definitive guide. Features case studies on environmental issues and global sustainability. Crucial for understanding the complex relationship between humans and the earth.,224,flexibound
"Mastering Slovenian, Revised",Language,"Unlock the secrets of Slovenian with this definitive guide. Practice dialogue, pronunciation, and listening skills with interactive modules. Unlock the power of expression through mastering language mechanics.",240,hardcover
"Physical Geography, Revised",Geography,"Unlock the secrets of Geography with this definitive guide. Explores physical landscapes, tectonic activity, and weather patterns. Perfect for students interested in travel, environment, and global politics.",192,paperback
Introduction to Psychology,Psychology,Unlock the secrets of Psychology with this definitive guide. Investigates famous psychological experiments and their findings. A fascinating dive into the science of what makes us tick.,144,flexibound
Web Development for Beginners,Technology,Unlock the secrets of Computer Science with this definitive guide. Features hands-on projects in web design and app development. Essential skills for the modern workforce and future innovators.,144,flexibound
"Meditations, 2nd Edition",Philosophy,"Unlock the secrets of Philosophy with this definitive guide. Discussion on logic, reasoning, and critical argumentation. Challenge your assumptions and expand your intellectual horizons.",240,paperback
"Cultural Anthropology, Revised",Social Studies,"Unlock the secrets of Civics with this definitive guide. Explores social institutions, cultural norms, and societal dynamics. Critical for navigating the complexities of modern social issues.",128,hardcover
The Renaissance,History,"Journey through the annals of History with this comprehensive text. Examines the social, political, and economic drivers of historical change. Connects historical events to modern-day societal issues.",192,flexibound
General Knowledge,Biology,Unlock the secrets of Biology with this definitive guide. Includes varied exercises and review sections. A great resource for comprehensive learning.,128,paperback
Cognitive Psychology,Psychology,Unlock the secrets of Psychology with this definitive guide. Learn about the scientific methods used to study the human mind. Gain insight into your own mind and the behavior of others.,160,hardcover
Discovering Science,Science,"Unlock the secrets of Science with this definitive guide. Includes detailed lab experiments, safety protocols, and scientific method exercises. Develops critical observation and analytical skills required for STEM fields.",224,paperback
Literature: An Introduction,Language,"Unlock the secrets of German with this definitive guide. Explore the nuances of poetry, prose, and dramatic writing. Achieve fluency and confidence in communication.",208,flexibound
Chemistry Explained,Science,"Unlock the secrets of Chemistry with this definitive guide. Includes detailed lab experiments, safety protocols, and scientific method exercises. A must-have for mastering the fundamentals of the scientific curriculum.",128,paperback
"Art History, Vol. 1",Arts,"Unlock the secrets of Art with this definitive guide. Includes practical exercises in drawing, painting, and sculpture. A journey through the beauty of human expression.",128,paperback
Human Geography,Geography,"Unlock the secrets of Geography with this definitive guide. Detailed maps, climate charts, and demographic data analysis. Perfect for students interested in travel, environment, and global politics.",144,paperback
"Mastering German, Vol. 1",Language,"Unlock the secrets of German with this definitive guide. Includes comprehensive grammar rules, vocabulary lists, and conjugation tables. Essential for academic writing and professional communication.",96,hardcover
Understanding Society,Social Studies,"Unlock the secrets of Civics with this definitive guide. Investigates global issues like human rights, poverty, and globalization. Critical for navigating the complexities of modern social issues.",96,flexibound
Critique of Pure Reason,Philosophy,"Unlock the secrets of Philosophy with this definitive guide. Explores the works of Plato, Aristotle, Kant, and modern thinkers. Sharpen your critical thinking and argumentative skills.",208,hardcover
The Story of Art,Arts,"Unlock the secrets of Music with this definitive guide. Explores color theory, composition, and artistic techniques. Unleash your creativity and express yourself through various mediums.",176,flexibound
Critique of Pure Reason,Philosophy,Unlock the secrets of Philosophy with this definitive guide. Learn to construct and deconstruct complex philosophical arguments. Sharpen your critical thinking and argumentative skills.,128,hardcover
Beyond Good and Evil,Philosophy,"Unlock the secrets of Philosophy with this definitive guide. Discussion on logic, reasoning, and critical argumentation. Essential for developing a structured and logical worldview.",160,hardcover
The Power of Place,Geography,"Unlock the secrets of Geography with this definitive guide. Detailed maps, climate charts, and demographic data analysis. Crucial for understanding the complex relationship between humans and the earth.",144,hardcover
Mastering Science,Science,Unlock the secrets of Science with this definitive guide. Features diagrams of molecular structures and physical forces in action. Perfect for budding scientists and future engineers.,96,flexibound
"Slovenian Vocabulary Builder, 2nd Edition",Language,"Unlock the secrets of Slovenian with this definitive guide. Includes comprehensive grammar rules, vocabulary lists, and conjugation tables. Essential for academic writing and professional communication.",176,paperback
Creative Writing 101,Language,"Unlock the secrets of English with this definitive guide. Practice dialogue, pronunciation, and listening skills with interactive modules. Unlock the power of expression through mastering language mechanics.",240,paperback
Global Issues,Geography,"Unlock the secrets of Geography with this definitive guide. Detailed maps, climate charts, and demographic data analysis. Crucial for understanding the complex relationship between humans and the earth.",224,paperback
The History of Jazz,Arts,"Unlock the secrets of Art with this definitive guide. Includes practical exercises in drawing, painting, and sculpture. Unleash your creativity and express yourself through various mediums.",160,flexibound
Mastering Slovenian,Language,"Unlock the secrets of Slovenian with this definitive guide. Explore the nuances of poetry, prose, and dramatic writing. Essential for academic writing and professional communication.",208,flexibound
Study Skills,Biology,Unlock the secrets of Biology with this definitive guide. Covers essential topics with clarity and depth. Ideal for students and self-learners alike.,208,hardcover
Critical Thinking,General,Unlock the secrets of Technology with this definitive guide. Covers essential topics with clarity and depth. A great resource for comprehensive learning.,192,paperback
The Man Who Mistook His Wife for a Hat,Psychology,Unlock the secrets of Psychology with this definitive guide. Investigates famous psychological experiments and their findings. Gain insight into your own mind and the behavior of others.,144,paperback
"Principles of Chemistry, 2nd Edition",Science,"Unlock the secrets of Chemistry with this definitive guide. Covers atomic structure, chemical reactions, and the laws of physics. Helps students understand the natural world through empirical evidence.",128,paperback
Critical Thinking,Physics,Unlock the secrets of Physics with this definitive guide. Covers essential topics with clarity and depth. Ideal for students and self-learners alike.,144,flexibound
Introduction to Statistics,Math,"Master the logic of Mathematics with this essential workbook. Features step-by-step problem solving, proofs, and calculation examples. Sharpen your logical reasoning and quantitative analysis skills.",192,paperback
Introduction to Sociology,Social Studies,"Unlock the secrets of Civics with this definitive guide. Investigates global issues like human rights, poverty, and globalization. Critical for navigating the complexities of modern social issues.",176,hardcover
Linear Algebra Done Right,Math,Master the logic of Mathematics with this essential workbook. Learn to apply mathematical concepts to solve real-world engineering problems. Sharpen your logical reasoning and quantitative analysis skills.,224,paperback
English Grammar in Use,Language,"Unlock the secrets of English with this definitive guide. Practice dialogue, pronunciation, and listening skills with interactive modules. Essential for academic writing and professional communication.",128,hardcover
Creative Writing 101,Language,"Unlock the secrets of German with this definitive guide. Includes comprehensive grammar rules, vocabulary lists, and conjugation tables. Deepen your appreciation for literature and cultural storytelling.",208,hardcover
"Study Skills, Revised",Sociology,Unlock the secrets of Sociology with this definitive guide. Includes varied exercises and review sections. A great resource for comprehensive learning.,96,hardcover
Calculus: Early Transcendentals,Math,"Master the logic of Mathematics with this essential workbook. Covers algebra, geometry, calculus, and statistical analysis in depth. Sharpen your logical reasoning and quantitative analysis skills.",96,paperback
"Advanced Science, Vol. 1",Science,Unlock the secrets of Science with this definitive guide. Analyze data from real-world scientific studies and experiments. Develops critical observation and analytical skills required for STEM fields.,192,paperback
Human Geography,Geography,"Unlock the secrets of Geography with this definitive guide. Explores physical landscapes, tectonic activity, and weather patterns. Crucial for understanding the complex relationship between humans and the earth.",192,hardcover
Literature: An Introduction,Language,"Unlock the secrets of Slovenian with this definitive guide. Practice dialogue, pronunciation, and listening skills with interactive modules. Deepen your appreciation for literature and cultural storytelling.",224,paperback
Macroeconomics,Economics,Unlock the secrets of Economics with this definitive guide. Investigates the history of economic thought and modern financial systems. Essential knowledge for future business leaders and policy makers.,144,paperback
Physical Geography,Geography,"Unlock the secrets of Geography with this definitive guide. Detailed maps, climate charts, and demographic data analysis. Gain a global perspective on cultural and environmental diversity.",240,paperback
Discrete Mathematics,Math,"Master the logic of Mathematics with this essential workbook. Explores mathematical logic, set theory, and function graphing. Essential for success in exams and higher-level mathematics courses.",176,hardcover
Web Development for Beginners,Technology,"Unlock the secrets of Computer Science with this definitive guide. Explores computer hardware, networking, and cybersecurity principles. Demystifies complex technical concepts for beginners.",96,flexibound
Principles of Science,Science,"Unlock the secrets of Science with this definitive guide. Covers atomic structure, chemical reactions, and the laws of physics. Perfect for budding scientists and future engineers.",128,hardcover
General Knowledge,Sociology,Unlock the secrets of Sociology with this definitive guide. Covers essential topics with clarity and depth. Ideal for students and self-learners alike.,224,paperback
The Elements of Style,Language,"Unlock the secrets of German with this definitive guide. Explore the nuances of poetry, prose, and dramatic writing. Essential for academic writing and professional communication.",128,hardcover
Color Theory,Arts,"Unlock the secrets of Music with this definitive guide. Includes practical exercises in drawing, painting, and sculpture. A journey through the beauty of human expression.",192,paperback
"Music Theory 101, Revised",Arts,"Unlock the secrets of Music with this definitive guide. Includes practical exercises in drawing, painting, and sculpture. Unleash your creativity and express yourself through various mediums.",144,flexibound
The Story of Art,Arts,"Unlock the secrets of Art with this definitive guide. Includes practical exercises in drawing, painting, and sculpture. Unleash your creativity and express yourself through various mediums.",176,hardcover
Introduction to Cartography,Geography,"Unlock the secrets of Geography with this definitive guide. Investigates human population trends, urbanization, and economic geography. Crucial for understanding the complex relationship between humans and the earth.",96,flexibound
Web Development for Beginners,Technology,"Unlock the secrets of Computer Science with this definitive guide. Investigates the impact of AI, robotics, and automation on society. Essential skills for the modern workforce and future innovators.",240,hardcover
"Discovering Science, Revised",Science,Unlock the secrets of Science with this definitive guide. Features diagrams of molecular structures and physical forces in action. A must-have for mastering the fundamentals of the scientific curriculum.,224,paperback
General Knowledge,General,Unlock the secrets of Technology with this definitive guide. Covers essential topics with clarity and depth. A great resource for comprehensive learning.,192,hardcover
"Python Crash Course, Revised",Technology,"Unlock the secrets of Computer Science with this definitive guide. Investigates the impact of AI, robotics, and automation on society. Empowers you to create, not just consume, technology.",176,hardcover
"Mastering Chemistry, Revised",Science,"Unlock the secrets of Chemistry with this definitive guide. Includes detailed lab experiments, safety protocols, and scientific method exercises. Develops critical observation and analytical skills required for STEM fields.",144,paperback
The Man Who Mistook His Wife for a Hat,Psychology,"Unlock the secrets of Psychology with this definitive guide. Analyzes social interactions, personality types, and motivation. Develops empathy and emotional intelligence.",160,hardcover
Physical Geography,Geography,"Unlock the secrets of Geography with this definitive guide. Learn to interpret topographic maps and geographic information systems (GIS). Perfect for students interested in travel, environment, and global politics.",192,paperback
Study Skills,Physics,Unlock the secrets of Physics with this definitive guide. Covers essential topics with clarity and depth. Ideal for students and self-learners alike.,224,hardcover
Linear Algebra Done Right,Math,"Master the logic of Mathematics with this essential workbook. Features step-by-step problem solving, proofs, and calculation examples. Essential for success in exams and higher-level mathematics courses.",128,paperback
General Knowledge,Physics,Unlock the secrets of Physics with this definitive guide. Covers essential topics with clarity and depth. Ideal for students and self-learners alike.,192,paperback
General Knowledge,Sociology,Unlock the secrets of Sociology with this definitive guide. Includes varied exercises and review sections. Ideal for students and self-learners alike.,160,hardcover
Discrete Mathematics,Math,"Master the logic of Mathematics with this essential workbook. Covers algebra, geometry, calculus, and statistical analysis in depth. Unlock the language of the universe with clear, concise explanations.",160,flexibound
"The Story of Art, Revised",Arts,"Unlock the secrets of Art with this definitive guide. Analyzes musical notation, harmony, and the history of composers. Unleash your creativity and express yourself through various mediums.",192,hardcover
"Principles of Economics, Vol. 1",Economics,"Unlock the secrets of Economics with this definitive guide. Explores supply and demand, market structures, and fiscal policy. Essential knowledge for future business leaders and policy makers.",208,hardcover
The History of Jazz,Arts,"Unlock the secrets of Music with this definitive guide. Includes practical exercises in drawing, painting, and sculpture. A journey through the beauty of human expression.",144,paperback
"Slovenian Vocabulary Builder, Vol. 1",Language,"Unlock the secrets of Slovenian with this definitive guide. Practice dialogue, pronunciation, and listening skills with interactive modules. Unlock the power of expression through mastering language mechanics.",160,paperback
General Knowledge,Biology,Unlock the secrets of Biology with this definitive guide. Covers essential topics with clarity and depth. A great resource for comprehensive learning.,128,hardcover
"Music Theory 101, 2nd Edition",Arts,"Unlock the secrets of Music with this definitive guide. Analyzes musical notation, harmony, and the history of composers. A journey through the beauty of human expression.",240,paperback
Literature: An Introduction,Language,"Unlock the secrets of Slovenian with this definitive guide. Focuses on sentence structure, essay writing, and rhetorical techniques. Essential for academic writing and professional communication.",144,paperback
"Introduction to Psychology, Revised",Psychology,"Unlock the secrets of Psychology with this definitive guide. Explores cognitive processes, human behavior, and emotional development. Gain insight into your own mind and the behavior of others.",176,paperback
"Thinking, Fast and Slow, Revised",Psychology,"Unlock the secrets of Psychology with this definitive guide. Analyzes social interactions, personality types, and motivation. Develops empathy and emotional intelligence.",96,flexibound
Calculus: Early Transcendentals,Math,"Master the logic of Mathematics with this essential workbook. Learn to apply mathematical concepts to solve real-world engineering problems. Unlock the language of the universe with clear, concise explanations.",144,hardcover
Study Skills,General,Unlock the secrets of Technology with this definitive guide. Includes varied exercises and review sections. A great resource for comprehensive learning.,224,hardcover
Modern World History,History,"Journey through the annals of History with this comprehensive text. Chronicles the rise and fall of civilizations, wars, and revolutions. Develops strong research, argumentation, and critical reading skills.",160,hardcover
Introduction to Computer Science,Technology,"Unlock the secrets of Computer Science with this definitive guide. Explores computer hardware, networking, and cybersecurity principles. Stay ahead in the rapidly evolving digital world.",144,hardcover
Critical Thinking,General,Unlock the secrets of Technology with this definitive guide. Includes varied exercises and review sections. Ideal for students and self-learners alike.,224,hardcover
"Music Theory 101, Revised",Arts,"Unlock the secrets of Music with this definitive guide. Features history of art movements from the Renaissance to Modernism. Perfect for aspiring artists, designers, and musicians.",144,flexibound
The Story of Art,Arts,"Unlock the secrets of Art with this definitive guide. Learn about visual storytelling, cinema, and digital design. Develop a refined aesthetic sense and critical appreciation of art.",144,hardcover
Study Skills,Sociology,Unlock the secrets of Sociology with this definitive guide. Includes varied exercises and review sections. A great resource for comprehensive learning.,160,flexibound
"Behavioral Economics, Revised",Economics,Unlock the secrets of Economics with this definitive guide. Investigates the history of economic thought and modern financial systems. Understand the forces that drive the global economy.,240,hardcover
Critical Thinking,Biology,Unlock the secrets of Biology with this definitive guide. Covers essential topics with clarity and depth. A great resource for comprehensive learning.,144,hardcover
Introduction to Statistics,Math,"Master the logic of Mathematics with this essential workbook. Features step-by-step problem solving, proofs, and calculation examples. Essential for success in exams and higher-level mathematics courses.",176,flexibound
American Government,Social Studies,"Unlock the secrets of Civics with this definitive guide. Investigates global issues like human rights, poverty, and globalization. Become an informed and active citizen in a democratic society.",96,hardcover
"Introduction to Science, Vol. 1",Science,"Unlock the secrets of Science with this definitive guide. Includes detailed lab experiments, safety protocols, and scientific method exercises. Helps students understand the natural world through empirical evidence.",176,paperback
Critique of Pure Reason,Philosophy,"Unlock the secrets of Philosophy with this definitive guide. Examines the fundamental questions of existence, knowledge, and ethics. Challenge your assumptions and expand your intellectual horizons.",208,hardcover
Mastering Slovenian,Language,"Unlock the secrets of Slovenian with this definitive guide. Explore the nuances of poetry, prose, and dramatic writing. Achieve fluency and confidence in communication.",240,paperback
The Elements of Style,Language,"Unlock the secrets of German with this definitive guide. Includes comprehensive grammar rules, vocabulary lists, and conjugation tables. Unlock the power of expression through mastering language mechanics.",160,paperback
Critical Thinking,Physics,Unlock the secrets of Physics with this definitive guide. Covers essential topics with clarity and depth. Ideal for students and self-learners alike.,192,hardcover
English Grammar in Use,Language,"Unlock the secrets of Slovenian with this definitive guide. Practice dialogue, pronunciation, and listening skills with interactive modules. Achieve fluency and confidence in communication.",224,paperback
"Literature: An Introduction, Revised",Language,"Unlock the secrets of English with this definitive guide. Focuses on sentence structure, essay writing, and rhetorical techniques. Essential for academic writing and professional communication.",160,flexibound
Ancient Civilizations,History,Journey through the annals of History with this comprehensive text. Features biographies of key historical figures and their lasting legacies. A comprehensive guide for anyone passionate about human history.,160,hardcover
German Vocabulary Builder,Language,"Unlock the secrets of German with this definitive guide. Explore the nuances of poetry, prose, and dramatic writing. Achieve fluency and confidence in communication.",96,flexibound
"Creative Writing 101, Vol. 1",Language,"Unlock the secrets of German with this definitive guide. Explore the nuances of poetry, prose, and dramatic writing. Achieve fluency and confidence in communication.",240,flexibound
Study Skills,Sociology,Unlock the secrets of Sociology with this definitive guide. Covers essential topics with clarity and depth. Ideal for students and self-learners alike.,128,flexibound
Principles of Chemistry,Science,"Unlock the secrets of Chemistry with this definitive guide. Covers atomic structure, chemical reactions, and the laws of physics. A must-have for mastering the fundamentals of the scientific curriculum.",208,paperback
"The History of Jazz, Revised",Arts,"Unlock the secrets of Music with this definitive guide. Explores color theory, composition, and artistic techniques. Unleash your creativity and express yourself through various mediums.",144,hardcover
The Elements of Style,Language,"Unlock the secrets of German with this definitive guide. Includes comprehensive grammar rules, vocabulary lists, and conjugation tables. Achieve fluency and confidence in communication.",192,hardcover
Discovering Science,Science,"Unlock the secrets of Science with this definitive guide. Includes detailed lab experiments, safety protocols, and scientific method exercises. Develops critical observation and analytical skills required for STEM fields.",208,flexibound
The Man Who Mistook His Wife for a Hat,Psychology,Unlock the secrets of Psychology with this definitive guide. Learn about the scientific methods used to study the human mind. Essential for understanding human dynamics in any field.,192,flexibound
"Data Science Essentials, Vol. 1",Technology,"Unlock the secrets of Computer Science with this definitive guide. Investigates the impact of AI, robotics, and automation on society. Stay ahead in the rapidly evolving digital world.",240,paperback
General Knowledge,Biology,Unlock the secrets of Biology with this definitive guide. Includes varied exercises and review sections. A great resource for comprehensive learning.,144,flexibound
"Introduction to Cartography, Vol. 1",Geography,Unlock the secrets of Geography with this definitive guide. Learn to interpret topographic maps and geographic information systems (GIS). Master the tools needed to analyze spatial data effectively.,176,hardcover
Existentialism,Philosophy,"Unlock the secrets of Philosophy with this definitive guide. Discussion on logic, reasoning, and critical argumentation. Sharpen your critical thinking and argumentative skills.",176,flexibound
Music Theory 101,Arts,"Unlock the secrets of Art with this definitive guide. Learn about visual storytelling, cinema, and digital design. A journey through the beauty of human expression.",176,flexibound
Macroeconomics,Economics,Unlock the secrets of Economics with this definitive guide. Features case studies on business strategy and entrepreneurship. Decipher the complex world of money and markets.,224,flexibound
The Man Who Mistook His Wife for a Hat,Psychology,"Unlock the secrets of Psychology with this definitive guide. Explores cognitive processes, human behavior, and emotional development. Develops empathy and emotional intelligence.",96,flexibound
"Principles of Economics, 2nd Edition",Economics,"Unlock the secrets of Economics with this definitive guide. Analyzes personal finance, investing, and global trade dynamics. Understand the forces that drive the global economy.",144,hardcover
"Literature: An Introduction, Revised",Language,Unlock the secrets of English with this definitive guide. Features classic literature excerpts for reading comprehension and analysis. Achieve fluency and confidence in communication.,240,flexibound
Critical Thinking,Sociology,Unlock the secrets of Sociology with this definitive guide. Includes varied exercises and review sections. A great resource for comprehensive learning.,96,paperback
Freakonomics,Economics,Unlock the secrets of Economics with this definitive guide. Investigates the history of economic thought and modern financial systems. Make informed financial decisions in your personal and professional life.,96,hardcover
American Government,Social Studies,"Unlock the secrets of Civics with this definitive guide. Investigates global issues like human rights, poverty, and globalization. Prepares students for roles in public service, law, and sociology.",176,paperback
The Story of Art,Arts,Unlock the secrets of Music with this definitive guide. Features history of art movements from the Renaissance to Modernism. A journey through the beauty of human expression.,240,paperback
German Vocabulary Builder,Language,"Unlock the secrets of German with this definitive guide. Focuses on sentence structure, essay writing, and rhetorical techniques. Deepen your appreciation for literature and cultural storytelling.",176,flexibound
Social Problems,Social Studies,Unlock the secrets of Civics with this definitive guide. Learn about the foundations of modern society and political systems. Critical for navigating the complexities of modern social issues.,128,paperback
"English Grammar in Use, Revised",Language,"Unlock the secrets of English with this definitive guide. Practice dialogue, pronunciation, and listening skills with interactive modules. Achieve fluency and confidence in communication.",192,hardcover
Critical Thinking,General,Unlock the secrets of Technology with this definitive guide. Covers essential topics with clarity and depth. Ideal for students and self-learners alike.,240,paperback
English Grammar in Use,Language,"Unlock the secrets of Slovenian with this definitive guide. Focuses on sentence structure, essay writing, and rhetorical techniques. Deepen your appreciation for literature and cultural storytelling.",96,paperback
Mastering Slovenian,Language,"Unlock the secrets of Slovenian with this definitive guide. Practice dialogue, pronunciation, and listening skills with interactive modules. Deepen your appreciation for literature and cultural storytelling.",144,hardcover
Study Skills,Biology,Unlock the secrets of Biology with this definitive guide. Covers essential topics with clarity and depth. Ideal for students and self-learners alike.,208,hardcover
"Existentialism, 2nd Edition",Philosophy,"Unlock the secrets of Philosophy with this definitive guide. Discussion on logic, reasoning, and critical argumentation. Challenge your assumptions and expand your intellectual horizons.",240,hardcover
Drawing on the Right Side of the Brain,Arts,"Unlock the secrets of Music with this definitive guide. Learn about visual storytelling, cinema, and digital design. A journey through the beauty of human expression.",128,flexibound
The Elements of Style,Language,"Unlock the secrets of English with this definitive guide. Focuses on sentence structure, essay writing, and rhetorical techniques. Achieve fluency and confidence in communication.",192,paperback
Color Theory,Arts,"Unlock the secrets of Art with this definitive guide. Analyzes musical notation, harmony, and the history of composers. Unleash your creativity and express yourself through various mediums.",240,flexibound
Discrete Mathematics,Math,"Master the logic of Mathematics with this essential workbook. Covers algebra, geometry, calculus, and statistical analysis in depth. Sharpen your logical reasoning and quantitative analysis skills.",176,flexibound
Creative Writing 101,Language,"Unlock the secrets of English with this definitive guide. Explore the nuances of poetry, prose, and dramatic writing. Essential for academic writing and professional communication.",176,flexibound
Music Theory 101,Arts,"Unlock the secrets of Music with this definitive guide. Features history of art movements from the Renaissance to Modernism. Perfect for aspiring artists, designers, and musicians.",176,paperback
The Rise and Fall of Empires,History,"Journey through the annals of History with this comprehensive text. Explore primary sources, timelines of major events, and cultural impact analysis. A comprehensive guide for anyone passionate about human history.",224,hardcover
"Existentialism, Revised",Philosophy,"Unlock the secrets of Philosophy with this definitive guide. Discussion on logic, reasoning, and critical argumentation. Challenge your assumptions and expand your intellectual horizons.",192,flexibound
Civics Today,Social Studies,"Unlock the secrets of Civics with this definitive guide. Analyzes government structures, civic rights, and legal responsibilities. Critical for navigating the complexities of modern social issues.",128,paperback
The Rise and Fall of Empires,History,Journey through the annals of History with this comprehensive text. Investigate the cause and effect of global events through the ages. Understand the past to better comprehend the present global landscape.,208,paperback
Literature: An Introduction,Language,"Unlock the secrets of English with this definitive guide. Practice dialogue, pronunciation, and listening skills with interactive modules. Unlock the power of expression through mastering language mechanics.",176,flexibound
Mastering Chemistry,Science,Unlock the secrets of Chemistry with this definitive guide. Features diagrams of molecular structures and physical forces in action. Helps students understand the natural world through empirical evidence.,160,hardcover
"Introduction to Computer Science, 2nd Edition",Technology,"Unlock the secrets of Computer Science with this definitive guide. Explores computer hardware, networking, and cybersecurity principles. Essential skills for the modern workforce and future innovators.",160,hardcover
Drawing on the Right Side of the Brain,Arts,"Unlock the secrets of Music with this definitive guide. Explores color theory, composition, and artistic techniques. Develop a refined aesthetic sense and critical appreciation of art.",144,flexibound
Critical Thinking,General,Unlock the secrets of Technology with this definitive guide. Covers essential topics with clarity and depth. A great resource for comprehensive learning.,160,flexibound
The Republic,Philosophy,Unlock the secrets of Philosophy with this definitive guide. Learn to construct and deconstruct complex philosophical arguments. Explore the deepest questions of human life and society.,240,flexibound
Critical Thinking,Sociology,Unlock the secrets of Sociology with this definitive guide. Includes varied exercises and review sections. Ideal for students and self-learners alike.,192,paperback
"Principles of Economics, Vol. 1",Economics,Unlock the secrets of Economics with this definitive guide. Investigates the history of economic thought and modern financial systems. Make informed financial decisions in your personal and professional life.,240,paperback
The Elements of Style,Language,"Unlock the secrets of English with this definitive guide. Focuses on sentence structure, essay writing, and rhetorical techniques. Unlock the power of expression through mastering language mechanics.",128,flexibound
"General Knowledge, Vol. 1",Sociology,Unlock the secrets of Sociology with this definitive guide. Covers essential topics with clarity and depth. Ideal for students and self-learners alike.,192,flexibound
The Power of Place,Geography,"Unlock the secrets of Geography with this definitive guide. Detailed maps, climate charts, and demographic data analysis. Perfect for students interested in travel, environment, and global politics.",160,paperback
"Science Explained, 2nd Edition",Science,"Unlock the secrets of Science with this definitive guide. Covers atomic structure, chemical reactions, and the laws of physics. Develops critical observation and analytical skills required for STEM fields.",176,hardcover
Music Theory 101,Arts,"Unlock the secrets of Art with this definitive guide. Includes practical exercises in drawing, painting, and sculpture. Develop a refined aesthetic sense and critical appreciation of art.",192,paperback
American Government,Social Studies,"Unlock the secrets of Civics with this definitive guide. Investigates global issues like human rights, poverty, and globalization. Develop empathy and understanding for diverse social perspectives.",240,hardcover
"Artificial Intelligence, 2nd Edition",Technology,Unlock the secrets of Computer Science with this definitive guide. Features hands-on projects in web design and app development. Essential skills for the modern workforce and future innovators.,144,paperback
Critical Thinking,Physics,Unlock the secrets of Physics with this definitive guide. Includes varied exercises and review sections. Ideal for students and self-learners alike.,128,hardcover
Civics Today,Social Studies,"Unlock the secrets of Civics with this definitive guide. Discussion points on ethics, democracy, and community engagement. Prepares students for roles in public service, law, and sociology.",96,flexibound
The Art of Problem Solving,Math,Master the logic of Mathematics with this essential workbook. Learn to apply mathematical concepts to solve real-world engineering problems. Builds confidence in tackling difficult numerical challenges.,160,hardcover
"Introduction to Cartography, Revised",Geography,"Unlock the secrets of Geography with this definitive guide. Detailed maps, climate charts, and demographic data analysis. Perfect for students interested in travel, environment, and global politics.",224,paperback
"Slovenian Vocabulary Builder, 2nd Edition",Language,"Unlock the secrets of Slovenian with this definitive guide. Focuses on sentence structure, essay writing, and rhetorical techniques. Essential for academic writing and professional communication.",96,paperback
"Principles of Chemistry, 2nd Edition",Science,"Unlock the secrets of Chemistry with this definitive guide. Includes detailed lab experiments, safety protocols, and scientific method exercises. A must-have for mastering the fundamentals of the scientific curriculum.",192,paperback
"Medieval Europe, Vol. 1",History,"Journey through the annals of History with this comprehensive text. Explore primary sources, timelines of major events, and cultural impact analysis. Develops strong research, argumentation, and critical reading skills.",224,paperback
"The Wealth of Nations, 2nd Edition",Economics,Unlock the secrets of Economics with this definitive guide. Features case studies on business strategy and entrepreneurship. Decipher the complex world of money and markets.,240,paperback
The Rise and Fall of Empires,History,"Journey through the annals of History with this comprehensive text. Explore primary sources, timelines of major events, and cultural impact analysis. Develops strong research, argumentation, and critical reading skills.",192,flexibound
"Music Theory 101, Revised",Arts,"Unlock the secrets of Music with this definitive guide. Explores color theory, composition, and artistic techniques. Perfect for aspiring artists, designers, and musicians.",240,flexibound
English Vocabulary Builder,Language,"Unlock the secrets of English with this definitive guide. Practice dialogue, pronunciation, and listening skills with interactive modules. Achieve fluency and confidence in communication.",240,flexibound
Drawing on the Right Side of the Brain,Arts,"Unlock the secrets of Art with this definitive guide. Learn about visual storytelling, cinema, and digital design. Perfect for aspiring artists, designers, and musicians.",128,hardcover
General Knowledge,General,Unlock the secrets of Technology with this definitive guide. Includes varied exercises and review sections. Ideal for students and self-learners alike.,160,hardcover
General Knowledge,Sociology,Unlock the secrets of Sociology with this definitive guide. Covers essential topics with clarity and depth. Ideal for students and self-learners alike.,144,flexibound
General Knowledge,General,Unlock the secrets of Technology with this definitive guide. Includes varied exercises and review sections. Ideal for students and self-learners alike.,128,flexibound
Study Skills,Biology,Unlock the secrets of Biology with this definitive guide. Covers essential topics with clarity and depth. A great resource for comprehensive learning.,240,paperback
Creative Writing 101,Language,"Unlock the secrets of Slovenian with this definitive guide. Includes comprehensive grammar rules, vocabulary lists, and conjugation tables. Unlock the power of expression through mastering language mechanics.",176,hardcover
Global Issues,Geography,"Unlock the secrets of Geography with this definitive guide. Explores physical landscapes, tectonic activity, and weather patterns. Perfect for students interested in travel, environment, and global politics.",96,flexibound
Study Skills,Biology,Unlock the secrets of Biology with this definitive guide. Includes varied exercises and review sections. Ideal for students and self-learners alike.,96,hardcover
"Color Theory, 2nd Edition",Arts,"Unlock the secrets of Music with this definitive guide. Learn about visual storytelling, cinema, and digital design. Perfect for aspiring artists, designers, and musicians.",224,hardcover
Chemistry Explained,Science,"Unlock the secrets of Chemistry with this definitive guide. Explores the complexities of living organisms, ecosystems, and genetic inheritance. Develops critical observation and analytical skills required for STEM fields.",224,flexibound
Color Theory,Arts,"Unlock the secrets of Art with this definitive guide. Explores color theory, composition, and artistic techniques. Perfect for aspiring artists, designers, and musicians.",224,hardcover
Critical Thinking,Biology,Unlock the secrets of Biology with this definitive guide. Covers essential topics with clarity and depth. A great resource for comprehensive learning.,144,paperback
The Elements of Style,Language,"Unlock the secrets of English with this definitive guide. Focuses on sentence structure, essay writing, and rhetorical techniques. Unlock the power of expression through mastering language mechanics.",208,hardcover
"The Art of Problem Solving, Vol. 1",Math,"Master the logic of Mathematics with this essential workbook. Features step-by-step problem solving, proofs, and calculation examples. Essential for success in exams and higher-level mathematics courses.",240,hardcover
"Critical Thinking, 2nd Edition",Biology,Unlock the secrets of Biology with this definitive guide. Includes varied exercises and review sections. Ideal for students and self-learners alike.,240,flexibound
Study Skills,General,Unlock the secrets of Technology with this definitive guide. Covers essential topics with clarity and depth. Ideal for students and self-learners alike.,208,flexibound
"Introduction to Logic, 2nd Edition",Philosophy,"Unlock the secrets of Philosophy with this definitive guide. Discussion on logic, reasoning, and critical argumentation. Essential for developing a structured and logical worldview.",224,hardcover
Music Theory 101,Arts,"Unlock the secrets of Music with this definitive guide. Includes practical exercises in drawing, painting, and sculpture. Unleash your creativity and express yourself through various mediums.",176,flexibound
Web Development for Beginners,Technology,Unlock the secrets of Computer Science with this definitive guide. Features hands-on projects in web design and app development. Stay ahead in the rapidly evolving digital world.,224,flexibound
English Vocabulary Builder,Language,"Unlock the secrets of English with this definitive guide. Explore the nuances of poetry, prose, and dramatic writing. Unlock the power of expression through mastering language mechanics.",208,hardcover
"Introduction to Statistics, Revised",Math,"Master the logic of Mathematics with this essential workbook. Features step-by-step problem solving, proofs, and calculation examples. Unlock the language of the universe with clear, concise explanations.",192,paperback
"Principles of Economics, 2nd Edition",Economics,"Unlock the secrets of Economics with this definitive guide. Explores supply and demand, market structures, and fiscal policy. Make informed financial decisions in your personal and professional life.",160,hardcover
Critique of Pure Reason,Philosophy,"Unlock the secrets of Philosophy with this definitive guide. Examines the fundamental questions of existence, knowledge, and ethics. Sharpen your critical thinking and argumentative skills.",224,flexibound
Microeconomics,Economics,Unlock the secrets of Economics with this definitive guide. Investigates the history of economic thought and modern financial systems. Make informed financial decisions in your personal and professional life.,208,hardcover
The World of Chemistry,Science,"Unlock the secrets of Chemistry with this definitive guide. Covers atomic structure, chemical reactions, and the laws of physics. A must-have for mastering the fundamentals of the scientific curriculum.",240,flexibound
Introduction to Sociology,Social Studies,"Unlock the secrets of Civics with this definitive guide. Investigates global issues like human rights, poverty, and globalization. Become an informed and active citizen in a democratic society.",160,paperback
General Knowledge,Biology,Unlock the secrets of Biology with this definitive guide. Includes varied exercises and review sections. Ideal for students and self-learners alike.,144,paperback
Linear Algebra Done Right,Math,"Master the logic of Mathematics with this essential workbook. Features step-by-step problem solving, proofs, and calculation examples. Essential for success in exams and higher-level mathematics courses.",96,hardcover
Microeconomics,Economics,Unlock the secrets of Economics with this definitive guide. Investigates the history of economic thought and modern financial systems. Understand the forces that drive the global economy.,96,flexibound
"World Regional Geography, 2nd Edition",Geography,Unlock the secrets of Geography with this definitive guide. Features case studies on environmental issues and global sustainability. Gain a global perspective on cultural and environmental diversity.,176,paperback
American Government,Social Studies,"Unlock the secrets of Civics with this definitive guide. Analyzes government structures, civic rights, and legal responsibilities. Become an informed and active citizen in a democratic society.",128,hardcover
The World of Chemistry,Science,Unlock the secrets of Chemistry with this definitive guide. Features diagrams of molecular structures and physical forces in action. Helps students understand the natural world through empirical evidence.,240,paperback
General Knowledge,Sociology,Unlock the secrets of Sociology with this definitive guide. Covers essential topics with clarity and depth. Ideal for students and self-learners alike.,224,paperback
"English Grammar in Use, Vol. 1",Language,Unlock the secrets of Slovenian with this definitive guide. Features classic literature excerpts for reading comprehension and analysis. Essential for academic writing and professional communication.,208,paperback
General Knowledge,Sociology,Unlock the secrets of Sociology with this definitive guide. Covers essential topics with clarity and depth. Ideal for students and self-learners alike.,240,paperback
"Introduction to Statistics, Vol. 1",Math,"Master the logic of Mathematics with this essential workbook. Features step-by-step problem solving, proofs, and calculation examples. Essential for success in exams and higher-level mathematics courses.",208,paperback
"American Government, Vol. 1",Social Studies,"Unlock the secrets of Civics with this definitive guide. Learn about the foundations of modern society and political systems. Prepares students for roles in public service, law, and sociology.",160,paperback
"Art History, Vol. 1",Arts,"Unlock the secrets of Music with this definitive guide. Includes practical exercises in drawing, painting, and sculpture. Unleash your creativity and express yourself through various mediums.",192,paperback
Creative Writing 101,Language,"Unlock the secrets of Slovenian with this definitive guide. Focuses on sentence structure, essay writing, and rhetorical techniques. Unlock the power of expression through mastering language mechanics.",224,hardcover
"The Elements of Style, Revised",Language,"Unlock the secrets of German with this definitive guide. Practice dialogue, pronunciation, and listening skills with interactive modules. Essential for academic writing and professional communication.",224,paperback
"World Regional Geography, 2nd Edition",Geography,Unlock the secrets of Geography with this definitive guide. Learn to interpret topographic maps and geographic information systems (GIS). Gain a global perspective on cultural and environmental diversity.,128,hardcover
Ancient Civilizations,History,"Journey through the annals of History with this comprehensive text. Explore primary sources, timelines of major events, and cultural impact analysis. A comprehensive guide for anyone passionate about human history.",192,hardcover
"Study Skills, Revised",Biology,Unlock the secrets of Biology with this definitive guide. Covers essential topics with clarity and depth. Ideal for students and self-learners alike.,128,paperback
World Regional Geography,Geography,"Unlock the secrets of Geography with this definitive guide. Explores physical landscapes, tectonic activity, and weather patterns. Perfect for students interested in travel, environment, and global politics.",176,flexibound
Mastering Slovenian,Language,"Unlock the secrets of Slovenian with this definitive guide. Explore the nuances of poetry, prose, and dramatic writing. Essential for academic writing and professional communication.",208,flexibound
"Study Skills, Revised",Physics,Unlock the secrets of Physics with this definitive guide. Includes varied exercises and review sections. Ideal for students and self-learners alike.,240,paperback
"Principles of Economics, Revised",Economics,"Unlock the secrets of Economics with this definitive guide. Analyzes personal finance, investing, and global trade dynamics. Understand the forces that drive the global economy.",224,hardcover
Modern World History,History,Journey through the annals of History with this comprehensive text. Investigate the cause and effect of global events through the ages. A comprehensive guide for anyone passionate about human history.,208,hardcover
"Global Issues, Vol. 1",Geography,Unlock the secrets of Geography with this definitive guide. Features case studies on environmental issues and global sustainability. Master the tools needed to analyze spatial data effectively.,176,hardcover
"Study Skills, 2nd Edition",Sociology,Unlock the secrets of Sociology with this definitive guide. Includes varied exercises and review sections. Ideal for students and self-learners alike.,96,paperback
The Renaissance,History,"Journey through the annals of History with this comprehensive text. Features biographies of key historical figures and their lasting legacies. Develops strong research, argumentation, and critical reading skills.",240,hardcover
Drawing on the Right Side of the Brain,Arts,"Unlock the secrets of Art with this definitive guide. Includes practical exercises in drawing, painting, and sculpture. Perfect for aspiring artists, designers, and musicians.",144,flexibound
Web Development for Beginners,Technology,"Unlock the secrets of Computer Science with this definitive guide. Investigates the impact of AI, robotics, and automation on society. Essential skills for the modern workforce and future innovators.",192,hardcover
Study Skills,Sociology,Unlock the secrets of Sociology with this definitive guide. Includes varied exercises and review sections. Ideal for students and self-learners alike.,192,paperback
Science Explained,Science,Unlock the secrets of Science with this definitive guide. Features diagrams of molecular structures and physical forces in action. A must-have for mastering the fundamentals of the scientific curriculum.,208,paperback
Artificial Intelligence,Technology,"Unlock the secrets of Computer Science with this definitive guide. Learn the basics of coding, algorithms, and software development. Empowers you to create, not just consume, technology.",176,flexibound
"Abnormal Psychology, Revised",Psychology,"Unlock the secrets of Psychology with this definitive guide. Explores cognitive processes, human behavior, and emotional development. Develops empathy and emotional intelligence.",208,flexibound
"Chemistry Explained, Revised",Science,Unlock the secrets of Chemistry with this definitive guide. Analyze data from real-world scientific studies and experiments. Develops critical observation and analytical skills required for STEM fields.,192,hardcover
Creative Writing 101,Language,"Unlock the secrets of Slovenian with this definitive guide. Focuses on sentence structure, essay writing, and rhetorical techniques. Achieve fluency and confidence in communication.",192,paperback
General Knowledge,Biology,Unlock the secrets of Biology with this definitive guide. Covers essential topics with clarity and depth. A great resource for comprehensive learning.,160,flexibound
Discovering Science,Science,"Unlock the secrets of Science with this definitive guide. Covers atomic structure, chemical reactions, and the laws of physics. Helps students understand the natural world through empirical evidence.",192,hardcover
"Study Skills, Revised",Physics,Unlock the secrets of Physics with this definitive guide. Includes varied exercises and review sections. A great resource for comprehensive learning.,176,hardcover
Critical Thinking,Sociology,Unlock the secrets of Sociology with this definitive guide. Covers essential topics with clarity and depth. Ideal for students and self-learners alike.,192,paperback
"The Man Who Mistook His Wife for a Hat, Vol. 1",Psychology,"Unlock the secrets of Psychology with this definitive guide. Explores cognitive processes, human behavior, and emotional development. Gain insight into your own mind and the behavior of others.",128,hardcover
Data Science Essentials,Technology,"Unlock the secrets of Computer Science with this definitive guide. Investigates the impact of AI, robotics, and automation on society. Demystifies complex technical concepts for beginners.",208,flexibound
Ancient Civilizations,History,Journey through the annals of History with this comprehensive text. Investigate the cause and effect of global events through the ages. Connects historical events to modern-day societal issues.,96,flexibound
General Knowledge,General,Unlock the secrets of Technology with this definitive guide. Covers essential topics with clarity and depth. Ideal for students and self-learners alike.,176,hardcover
"Introduction to Science, Vol. 1",Science,Unlock the secrets of Science with this definitive guide. Features diagrams of molecular structures and physical forces in action. Develops critical observation and analytical skills required for STEM fields.,224,flexibound
Creative Writing 101,Language,"Unlock the secrets of Slovenian with this definitive guide. Practice dialogue, pronunciation, and listening skills with interactive modules. Unlock the power of expression through mastering language mechanics.",176,paperback
"Introduction to Science, Vol. 1",Science,"Unlock the secrets of Science with this definitive guide. Includes detailed lab experiments, safety protocols, and scientific method exercises. A must-have for mastering the fundamentals of the scientific curriculum.",176,flexibound
Abnormal Psychology,Psychology,"Unlock the secrets of Psychology with this definitive guide. Explores cognitive processes, human behavior, and emotional development. Develops empathy and emotional intelligence.",128,paperback
The World of Science,Science,Unlock the secrets of Science with this definitive guide. Analyze data from real-world scientific studies and experiments. Perfect for budding scientists and future engineers.,144,flexibound
"The Wealth of Nations, Revised",Economics,Unlock the secrets of Economics with this definitive guide. Investigates the history of economic thought and modern financial systems. Decipher the complex world of money and markets.,128,flexibound
Critical Thinking,General,Unlock the secrets of Technology with this definitive guide. Includes varied exercises and review sections. A great resource for comprehensive learning.,192,paperback
Understanding Society,Social Studies,"Unlock the secrets of Civics with this definitive guide. Discussion points on ethics, democracy, and community engagement. Develop empathy and understanding for diverse social perspectives.",192,hardcover
Discovering Science,Science,"Unlock the secrets of Science with this definitive guide. Includes detailed lab experiments, safety protocols, and scientific method exercises. Perfect for budding scientists and future engineers.",240,paperback
"The World of Science, Vol. 1",Science,"Unlock the secrets of Science with this definitive guide. Covers atomic structure, chemical reactions, and the laws of physics. Perfect for budding scientists and future engineers.",144,paperback
"Calculus: Early Transcendentals, 2nd Edition",Math,"Master the logic of Mathematics with this essential workbook. Covers algebra, geometry, calculus, and statistical analysis in depth. Builds confidence in tackling difficult numerical challenges.",192,paperback
Critique of Pure Reason,Philosophy,Unlock the secrets of Philosophy with this definitive guide. Learn to construct and deconstruct complex philosophical arguments. Essential for developing a structured and logical worldview.,128,paperback
General Knowledge,Physics,Unlock the secrets of Physics with this definitive guide. Covers essential topics with clarity and depth. A great resource for comprehensive learning.,224,flexibound
"Introduction to Psychology, 2nd Edition",Psychology,Unlock the secrets of Psychology with this definitive guide. Learn about the scientific methods used to study the human mind. Essential for understanding human dynamics in any field.,224,flexibound
German Vocabulary Builder,Language,"Unlock the secrets of German with this definitive guide. Focuses on sentence structure, essay writing, and rhetorical techniques. Essential for academic writing and professional communication.",128,flexibound
"Color Theory, Vol. 1",Arts,"Unlock the secrets of Art with this definitive guide. Includes practical exercises in drawing, painting, and sculpture. A journey through the beauty of human expression.",240,paperback
General Knowledge,General,Unlock the secrets of Technology with this definitive guide. Covers essential topics with clarity and depth. A great resource for comprehensive learning.,208,hardcover
English Grammar in Use,Language,"Unlock the secrets of English with this definitive guide. Practice dialogue, pronunciation, and listening skills with interactive modules. Unlock the power of expression through mastering language mechanics.",192,hardcover
"Introduction to Computer Science, Revised",Technology,Unlock the secrets of Computer Science with this definitive guide. Features hands-on projects in web design and app development. Stay ahead in the rapidly evolving digital world.,176,flexibound
General Knowledge,Biology,Unlock the secrets of Biology with this definitive guide. Covers essential topics with clarity and depth. Ideal for students and self-learners alike.,240,hardcover
Study Skills,Sociology,Unlock the secrets of Sociology with this definitive guide. Includes varied exercises and review sections. Ideal for students and self-learners alike.,96,flexibound
The World of Chemistry,Science,"Unlock the secrets of Chemistry with this definitive guide. Explores the complexities of living organisms, ecosystems, and genetic inheritance. A must-have for mastering the fundamentals of the scientific curriculum.",208,hardcover
World Regional Geography,Geography,Unlock the secrets of Geography with this definitive guide. Features case studies on environmental issues and global sustainability. Crucial for understanding the complex relationship between humans and the earth.,144,hardcover
Critical Thinking,Sociology,Unlock the secrets of Sociology with this definitive guide. Includes varied exercises and review sections. A great resource for comprehensive learning.,192,hardcover
Calculus: Early Transcendentals,Math,Master the logic of Mathematics with this essential workbook. Includes varied practice problems ranging from basic arithmetic to complex equations. Builds confidence in tackling difficult numerical challenges.,208,hardcover
The Elements of Style,Language,Unlock the secrets of German with this definitive guide. Features classic literature excerpts for reading comprehension and analysis. Unlock the power of expression through mastering language mechanics.,96,paperback
The Elements of Style,Language,"Unlock the secrets of English with this definitive guide. Explore the nuances of poetry, prose, and dramatic writing. Achieve fluency and confidence in communication.",224,flexibound
The Man Who Mistook His Wife for a Hat,Psychology,Unlock the secrets of Psychology with this definitive guide. Learn about the scientific methods used to study the human mind. A fascinating dive into the science of what makes us tick.,224,flexibound
"The History of Jazz, 2nd Edition",Arts,"Unlock the secrets of Music with this definitive guide. Explores color theory, composition, and artistic techniques. Perfect for aspiring artists, designers, and musicians.",96,hardcover
Critical Thinking,Physics,Unlock the secrets of Physics with this definitive guide. Covers essential topics with clarity and depth. A great resource for comprehensive learning.,144,paperback
"Artificial Intelligence, Vol. 1",Technology,Unlock the secrets of Computer Science with this definitive guide. Features hands-on projects in web design and app development. Stay ahead in the rapidly evolving digital world.,144,flexibound
Color Theory,Arts,"Unlock the secrets of Art with this definitive guide. Learn about visual storytelling, cinema, and digital design. Develop a refined aesthetic sense and critical appreciation of art.",208,hardcover
"Introduction to Statistics, Vol. 1",Math,"Master the logic of Mathematics with this essential workbook. Covers algebra, geometry, calculus, and statistical analysis in depth. Unlock the language of the universe with clear, concise explanations.",176,paperback
The Renaissance,History,"Journey through the annals of History with this comprehensive text. Investigate the cause and effect of global events through the ages. Develops strong research, argumentation, and critical reading skills.",128,flexibound
Literature: An Introduction,Language,Unlock the secrets of Slovenian with this definitive guide. Features classic literature excerpts for reading comprehension and analysis. Unlock the power of expression through mastering language mechanics.,192,flexibound
"Mastering English, Vol. 1",Language,"Unlock the secrets of English with this definitive guide. Focuses on sentence structure, essay writing, and rhetorical techniques. Essential for academic writing and professional communication.",96,paperback
The Story of Art,Arts,"Unlock the secrets of Art with this definitive guide. Learn about visual storytelling, cinema, and digital design. A journey through the beauty of human expression.",96,hardcover
Principles of Economics,Economics,Unlock the secrets of Economics with this definitive guide. Learn to interpret economic indicators and statistical data. Make informed financial decisions in your personal and professional life.,96,flexibound
Introduction to Chemistry,Science,Unlock the secrets of Chemistry with this definitive guide. Features diagrams of molecular structures and physical forces in action. Perfect for budding scientists and future engineers.,208,flexibound
Geometry for Everyone,Math,"Master the logic of Mathematics with this essential workbook. Covers algebra, geometry, calculus, and statistical analysis in depth. Builds confidence in tackling difficult numerical challenges.",144,flexibound
Introduction to Science,Science,"Unlock the secrets of Science with this definitive guide. Includes detailed lab experiments, safety protocols, and scientific method exercises. Helps students understand the natural world through empirical evidence.",160,flexibound
General Knowledge,Physics,Unlock the secrets of Physics with this definitive guide. Covers essential topics with clarity and depth. A great resource for comprehensive learning.,208,flexibound
Existentialism,Philosophy,"Unlock the secrets of Philosophy with this definitive guide. Discussion on logic, reasoning, and critical argumentation. Essential for developing a structured and logical worldview.",96,paperback
"The Elements of Style, Vol. 1",Language,"Unlock the secrets of English with this definitive guide. Explore the nuances of poetry, prose, and dramatic writing. Essential for academic writing and professional communication.",208,flexibound
Mastering German,Language,"Unlock the secrets of German with this definitive guide. Practice dialogue, pronunciation, and listening skills with interactive modules. Essential for academic writing and professional communication.",224,flexibound
"The World of Chemistry, Vol. 1",Science,Unlock the secrets of Chemistry with this definitive guide. Features diagrams of molecular structures and physical forces in action. Helps students understand the natural world through empirical evidence.,192,hardcover
Study Skills,General,Unlock the secrets of Technology with this definitive guide. Includes varied exercises and review sections. Ideal for students and self-learners alike.,240,paperback
Behavioral Economics,Economics,"Unlock the secrets of Economics with this definitive guide. Explores supply and demand, market structures, and fiscal policy. Make informed financial decisions in your personal and professional life.",224,hardcover
"Critique of Pure Reason, Vol. 1",Philosophy,"Unlock the secrets of Philosophy with this definitive guide. Discussion on logic, reasoning, and critical argumentation. Explore the deepest questions of human life and society.",144,paperback
Critique of Pure Reason,Philosophy,"Unlock the secrets of Philosophy with this definitive guide. Explores the works of Plato, Aristotle, Kant, and modern thinkers. Essential for developing a structured and logical worldview.",176,paperback
Color Theory,Arts,"Unlock the secrets of Music with this definitive guide. Analyzes musical notation, harmony, and the history of composers. Unleash your creativity and express yourself through various mediums.",176,hardcover
General Knowledge,Physics,Unlock the secrets of Physics with this definitive guide. Includes varied exercises and review sections. Ideal for students and self-learners alike.,176,flexibound
"Web Development for Beginners, Vol. 1",Technology,Unlock the secrets of Computer Science with this definitive guide. Master digital literacy tools and data management techniques. Demystifies complex technical concepts for beginners.,160,paperback
English Vocabulary Builder,Language,"Unlock the secrets of English with this definitive guide. Practice dialogue, pronunciation, and listening skills with interactive modules. Deepen your appreciation for literature and cultural storytelling.",240,paperback
"The Story of Art, Revised",Arts,"Unlock the secrets of Music with this definitive guide. Includes practical exercises in drawing, painting, and sculpture. Perfect for aspiring artists, designers, and musicians.",128,paperback
Creative Writing 101,Language,Unlock the secrets of German with this definitive guide. Features classic literature excerpts for reading comprehension and analysis. Deepen your appreciation for literature and cultural storytelling.,128,hardcover
"Freakonomics, 2nd Edition",Economics,"Unlock the secrets of Economics with this definitive guide. Analyzes personal finance, investing, and global trade dynamics. Essential knowledge for future business leaders and policy makers.",128,paperback
"Discrete Mathematics, Revised",Math,Master the logic of Mathematics with this essential workbook. Learn to apply mathematical concepts to solve real-world engineering problems. Essential for success in exams and higher-level mathematics courses.,160,flexibound
Linear Algebra Done Right,Math,"Master the logic of Mathematics with this essential workbook. Covers algebra, geometry, calculus, and statistical analysis in depth. Unlock the language of the universe with clear, concise explanations.",176,flexibound
"Mastering English, Revised",Language,"Unlock the secrets of English with this definitive guide. Explore the nuances of poetry, prose, and dramatic writing. Deepen your appreciation for literature and cultural storytelling.",128,flexibound
Art History,Arts,"Unlock the secrets of Art with this definitive guide. Includes practical exercises in drawing, painting, and sculpture. A journey through the beauty of human expression.",144,flexibound
"Study Skills, Vol. 1",Physics,Unlock the secrets of Physics with this definitive guide. Includes varied exercises and review sections. Ideal for students and self-learners alike.,240,paperback
Critique of Pure Reason,Philosophy,"Unlock the secrets of Philosophy with this definitive guide. Examines the fundamental questions of existence, knowledge, and ethics. Explore the deepest questions of human life and society.",176,paperback
Critical Thinking,General,Unlock the secrets of Technology with this definitive guide. Includes varied exercises and review sections. A great resource for comprehensive learning.,176,hardcover
"Thinking, Fast and Slow",Psychology,"Unlock the secrets of Psychology with this definitive guide. Explores cognitive processes, human behavior, and emotional development. A fascinating dive into the science of what makes us tick.",224,flexibound
Critical Thinking,Physics,Unlock the secrets of Physics with this definitive guide. Covers essential topics with clarity and depth. A great resource for comprehensive learning.,224,paperback
Drawing on the Right Side of the Brain,Arts,"Unlock the secrets of Art with this definitive guide. Learn about visual storytelling, cinema, and digital design. Perfect for aspiring artists, designers, and musicians.",192,paperback
"Critical Thinking, Vol. 1",Physics,Unlock the secrets of Physics with this definitive guide. Covers essential topics with clarity and depth. A great resource for comprehensive learning.,240,paperback
"Python Crash Course, 2nd Edition",Technology,"Unlock the secrets of Computer Science with this definitive guide. Investigates the impact of AI, robotics, and automation on society. Empowers you to create, not just consume, technology.",160,paperback
The Republic,Philosophy,"Unlock the secrets of Philosophy with this definitive guide. Examines the fundamental questions of existence, knowledge, and ethics. Essential for developing a structured and logical worldview.",144,hardcover
Color Theory,Arts,"Unlock the secrets of Music with this definitive guide. Explores color theory, composition, and artistic techniques. Perfect for aspiring artists, designers, and musicians.",160,paperback
Abnormal Psychology,Psychology,Unlock the secrets of Psychology with this definitive guide. Investigates famous psychological experiments and their findings. Essential for understanding human dynamics in any field.,192,hardcover
"General Knowledge, Vol. 1",General,Unlock the secrets of Technology with this definitive guide. Includes varied exercises and review sections. A great resource for comprehensive learning.,208,hardcover
Macroeconomics,Economics,Unlock the secrets of Economics with this definitive guide. Features case studies on business strategy and entrepreneurship. Understand the forces that drive the global economy.,224,paperback
The Republic,Philosophy,Unlock the secrets of Philosophy with this definitive guide. Learn to construct and deconstruct complex philosophical arguments. Essential for developing a structured and logical worldview.,224,hardcover
Study Skills,Sociology,Unlock the secrets of Sociology with this definitive guide. Includes varied exercises and review sections. Ideal for students and self-learners alike.,128,hardcover
"Critical Thinking, Revised",Physics,Unlock the secrets of Physics with this definitive guide. Covers essential topics with clarity and depth. A great resource for comprehensive learning.,224,flexibound
Literature: An Introduction,Language,"Unlock the secrets of English with this definitive guide. Includes comprehensive grammar rules, vocabulary lists, and conjugation tables. Deepen your appreciation for literature and cultural storytelling.",224,hardcover
"Existentialism, Vol. 1",Philosophy,"Unlock the secrets of Philosophy with this definitive guide. Examines the fundamental questions of existence, knowledge, and ethics. Explore the deepest questions of human life and society.",208,flexibound
"The Elements of Style, 2nd Edition",Language,"Unlock the secrets of German with this definitive guide. Includes comprehensive grammar rules, vocabulary lists, and conjugation tables. Unlock the power of expression through mastering language mechanics.",144,paperback
World Regional Geography,Geography,"Unlock the secrets of Geography with this definitive guide. Investigates human population trends, urbanization, and economic geography. Perfect for students interested in travel, environment, and global politics.",224,paperback
Drawing on the Right Side of the Brain,Arts,"Unlock the secrets of Art with this definitive guide. Includes practical exercises in drawing, painting, and sculpture. Unleash your creativity and express yourself through various mediums.",96,paperback
General Knowledge,General,Unlock the secrets of Technology with this definitive guide. Includes varied exercises and review sections. A great resource for comprehensive learning.,128,paperback
"Calculus: Early Transcendentals, Vol. 1",Math,"Master the logic of Mathematics with this essential workbook. Covers algebra, geometry, calculus, and statistical analysis in depth. Builds confidence in tackling difficult numerical challenges.",224,hardcover
"Mastering Science, Vol. 1",Science,"Unlock the secrets of Science with this definitive guide. Covers atomic structure, chemical reactions, and the laws of physics. Develops critical observation and analytical skills required for STEM fields.",192,hardcover
Mastering Slovenian,Language,"Unlock the secrets of Slovenian with this definitive guide. Focuses on sentence structure, essay writing, and rhetorical techniques. Deepen your appreciation for literature and cultural storytelling.",224,flexibound
Beyond Good and Evil,Philosophy,Unlock the secrets of Philosophy with this definitive guide. Learn to construct and deconstruct complex philosophical arguments. Explore the deepest questions of human life and society.,96,hardcover
Critical Thinking,General,Unlock the secrets of Technology with this definitive guide. Covers essential topics with clarity and depth. A great resource for comprehensive learning.,128,hardcover
Beyond Good and Evil,Philosophy,"Unlock the secrets of Philosophy with this definitive guide. Discussion on logic, reasoning, and critical argumentation. Explore the deepest questions of human life and society.",192,flexibound
Ancient Civilizations,History,"Journey through the annals of History with this comprehensive text. Examines the social, political, and economic drivers of historical change. Connects historical events to modern-day societal issues.",160,hardcover
Mastering English,Language,"Unlock the secrets of English with this definitive guide. Focuses on sentence structure, essay writing, and rhetorical techniques. Achieve fluency and confidence in communication.",208,flexibound
Principles of Science,Science,"Unlock the secrets of Science with this definitive guide. Explores the complexities of living organisms, ecosystems, and genetic inheritance. Perfect for budding scientists and future engineers.",240,flexibound
Study Skills,Sociology,Unlock the secrets of Sociology with this definitive guide. Includes varied exercises and review sections. A great resource for comprehensive learning.,192,paperback
Medieval Europe,History,Journey through the annals of History with this comprehensive text. Investigate the cause and effect of global events through the ages. Connects historical events to modern-day societal issues.,128,flexibound
Chemistry Explained,Science,Unlock the secrets of Chemistry with this definitive guide. Features diagrams of molecular structures and physical forces in action. Perfect for budding scientists and future engineers.,176,paperback
Advanced Chemistry,Science,Unlock the secrets of Chemistry with this definitive guide. Features diagrams of molecular structures and physical forces in action. A must-have for mastering the fundamentals of the scientific curriculum.,96,paperback
Civics Today,Social Studies,"Unlock the secrets of Civics with this definitive guide. Investigates global issues like human rights, poverty, and globalization. Prepares students for roles in public service, law, and sociology.",144,paperback
"Existentialism, Revised",Philosophy,Unlock the secrets of Philosophy with this definitive guide. Investigates moral dilemmas and the nature of human consciousness. Essential for developing a structured and logical worldview.,96,hardcover
Civics Today,Social Studies,"Unlock the secrets of Civics with this definitive guide. Analyzes government structures, civic rights, and legal responsibilities. Critical for navigating the complexities of modern social issues.",192,flexibound
Medieval Europe,History,"Journey through the annals of History with this comprehensive text. Chronicles the rise and fall of civilizations, wars, and revolutions. Connects historical events to modern-day societal issues.",176,paperback
"Discovering Chemistry, Revised",Science,"Unlock the secrets of Chemistry with this definitive guide. Explores the complexities of living organisms, ecosystems, and genetic inheritance. Perfect for budding scientists and future engineers.",224,paperback
General Knowledge,General,Unlock the secrets of Technology with this definitive guide. Covers essential topics with clarity and depth. Ideal for students and self-learners alike.,208,flexibound
Beyond Good and Evil,Philosophy,Unlock the secrets of Philosophy with this definitive guide. Investigates moral dilemmas and the nature of human consciousness. Challenge your assumptions and expand your intellectual horizons.,240,flexibound
The World of Science,Science,Unlock the secrets of Science with this definitive guide. Features diagrams of molecular structures and physical forces in action. Develops critical observation and analytical skills required for STEM fields.,96,hardcover
Python Crash Course,Technology,Unlock the secrets of Computer Science with this definitive guide. Master digital literacy tools and data management techniques. Stay ahead in the rapidly evolving digital world.,96,paperback
"Linear Algebra Done Right, Vol. 1",Math,"Master the logic of Mathematics with this essential workbook. Features step-by-step problem solving, proofs, and calculation examples. Builds confidence in tackling difficult numerical challenges.",208,flexibound
Introduction to Statistics,Math,"Master the logic of Mathematics with this essential workbook. Covers algebra, geometry, calculus, and statistical analysis in depth. Unlock the language of the universe with clear, concise explanations.",192,flexibound
"Artificial Intelligence, Vol. 1",Technology,"Unlock the secrets of Computer Science with this definitive guide. Investigates the impact of AI, robotics, and automation on society. Essential skills for the modern workforce and future innovators.",128,paperback
Modern World History,History,"Journey through the annals of History with this comprehensive text. Explore primary sources, timelines of major events, and cultural impact analysis. Develops strong research, argumentation, and critical reading skills.",240,hardcover
"The Man Who Mistook His Wife for a Hat, Revised",Psychology,Unlock the secrets of Psychology with this definitive guide. Learn about the scientific methods used to study the human mind. Gain insight into your own mind and the behavior of others.,160,hardcover
"General Knowledge, 2nd Edition",Sociology,Unlock the secrets of Sociology with this definitive guide. Includes varied exercises and review sections. A great resource for comprehensive learning.,240,paperback
"General Knowledge, Vol. 1",General,Unlock the secrets of Technology with this definitive guide. Covers essential topics with clarity and depth. A great resource for comprehensive learning.,144,flexibound
Music Theory 101,Arts,"Unlock the secrets of Music with this definitive guide. Explores color theory, composition, and artistic techniques. Unleash your creativity and express yourself through various mediums.",128,flexibound
The Story of Art,Arts,"Unlock the secrets of Music with this definitive guide. Explores color theory, composition, and artistic techniques. Perfect for aspiring artists, designers, and musicians.",160,hardcover
Critical Thinking,Physics,Unlock the secrets of Physics with this definitive guide. Includes varied exercises and review sections. Ideal for students and self-learners alike.,128,paperback
Mastering English,Language,"Unlock the secrets of English with this definitive guide. Includes comprehensive grammar rules, vocabulary lists, and conjugation tables. Deepen your appreciation for literature and cultural storytelling.",176,hardcover
Behavioral Economics,Economics,Unlock the secrets of Economics with this definitive guide. Features case studies on business strategy and entrepreneurship. Make informed financial decisions in your personal and professional life.,208,hardcover
"General Knowledge, Vol. 1",Sociology,Unlock the secrets of Sociology with this definitive guide. Includes varied exercises and review sections. A great resource for comprehensive learning.,144,flexibound
Discovering Science,Science,Unlock the secrets of Science with this definitive guide. Features diagrams of molecular structures and physical forces in action. Helps students understand the natural world through empirical evidence.,192,hardcover
"English Vocabulary Builder, Revised",Language,"Unlock the secrets of English with this definitive guide. Practice dialogue, pronunciation, and listening skills with interactive modules. Deepen your appreciation for literature and cultural storytelling.",144,flexibound
Geometry for Everyone,Math,Master the logic of Mathematics with this essential workbook. Includes varied practice problems ranging from basic arithmetic to complex equations. Builds confidence in tackling difficult numerical challenges.,192,flexibound
"Introduction to Computer Science, 2nd Edition",Technology,"Unlock the secrets of Computer Science with this definitive guide. Investigates the impact of AI, robotics, and automation on society. Demystifies complex technical concepts for beginners.",208,flexibound
Literature: An Introduction,Language,"Unlock the secrets of English with this definitive guide. Explore the nuances of poetry, prose, and dramatic writing. Unlock the power of expression through mastering language mechanics.",240,hardcover
"Abnormal Psychology, Revised",Psychology,"Unlock the secrets of Psychology with this definitive guide. Explores cognitive processes, human behavior, and emotional development. Gain insight into your own mind and the behavior of others.",240,hardcover
"Ancient Civilizations, 2nd Edition",History,Journey through the annals of History with this comprehensive text. Investigate the cause and effect of global events through the ages. Connects historical events to modern-day societal issues.,240,hardcover
"The Wealth of Nations, 2nd Edition",Economics,Unlock the secrets of Economics with this definitive guide. Investigates the history of economic thought and modern financial systems. Decipher the complex world of money and markets.,144,paperback
The World of Chemistry,Science,Unlock the secrets of Chemistry with this definitive guide. Features diagrams of molecular structures and physical forces in action. Develops critical observation and analytical skills required for STEM fields.,160,paperback
Advanced Science,Science,"Unlock the secrets of Science with this definitive guide. Explores the complexities of living organisms, ecosystems, and genetic inheritance. Develops critical observation and analytical skills required for STEM fields.",192,hardcover
"Study Skills, 2nd Edition",Sociology,Unlock the secrets of Sociology with this definitive guide. Covers essential topics with clarity and depth. Ideal for students and self-learners alike.,240,hardcover
General Knowledge,Sociology,Unlock the secrets of Sociology with this definitive guide. Includes varied exercises and review sections. A great resource for comprehensive learning.,96,flexibound
"The Wealth of Nations, Vol. 1",Economics,"Unlock the secrets of Economics with this definitive guide. Analyzes personal finance, investing, and global trade dynamics. Essential knowledge for future business leaders and policy makers.",144,paperback
Creative Writing 101,Language,"Unlock the secrets of German with this definitive guide. Focuses on sentence structure, essay writing, and rhetorical techniques. Unlock the power of expression through mastering language mechanics.",144,paperback
Study Skills,General,Unlock the secrets of Technology with this definitive guide. Covers essential topics with clarity and depth. A great resource for comprehensive learning.,144,paperback
Modern World History,History,"Journey through the annals of History with this comprehensive text. Chronicles the rise and fall of civilizations, wars, and revolutions. Connects historical events to modern-day societal issues.",160,paperback
Art History,Arts,Unlock the secrets of Art with this definitive guide. Features history of art movements from the Renaissance to Modernism. Develop a refined aesthetic sense and critical appreciation of art.,144,hardcover
General Knowledge,General,Unlock the secrets of Technology with this definitive guide. Includes varied exercises and review sections. Ideal for students and self-learners alike.,208,paperback
Discovering Chemistry,Science,"Unlock the secrets of Chemistry with this definitive guide. Covers atomic structure, chemical reactions, and the laws of physics. Develops critical observation and analytical skills required for STEM fields.",128,flexibound
"Introduction to Sociology, Vol. 1",Social Studies,"Unlock the secrets of Civics with this definitive guide. Investigates global issues like human rights, poverty, and globalization. Critical for navigating the complexities of modern social issues.",160,hardcover
"Literature: An Introduction, Vol. 1",Language,Unlock the secrets of German with this definitive guide. Features classic literature excerpts for reading comprehension and analysis. Deepen your appreciation for literature and cultural storytelling.,128,hardcover
Color Theory,Arts,"Unlock the secrets of Art with this definitive guide. Analyzes musical notation, harmony, and the history of composers. Unleash your creativity and express yourself through various mediums.",224,hardcover
"Beyond Good and Evil, Vol. 1",Philosophy,"Unlock the secrets of Philosophy with this definitive guide. Discussion on logic, reasoning, and critical argumentation. Explore the deepest questions of human life and society.",224,hardcover
Critical Thinking,Physics,Unlock the secrets of Physics with this definitive guide. Covers essential topics with clarity and depth. Ideal for students and self-learners alike.,192,hardcover
General Knowledge,Biology,Unlock the secrets of Biology with this definitive guide. Includes varied exercises and review sections. A great resource for comprehensive learning.,224,paperback
The Man Who Mistook His Wife for a Hat,Psychology,Unlock the secrets of Psychology with this definitive guide. Investigates famous psychological experiments and their findings. A fascinating dive into the science of what makes us tick.,128,paperback
Discovering Science,Science,"Unlock the secrets of Science with this definitive guide. Covers atomic structure, chemical reactions, and the laws of physics. Develops critical observation and analytical skills required for STEM fields.",208,flexibound
Music Theory 101,Arts,"Unlock the secrets of Art with this definitive guide. Includes practical exercises in drawing, painting, and sculpture. Unleash your creativity and express yourself through various mediums.",192,flexibound
"Discrete Mathematics, Revised",Math,"Master the logic of Mathematics with this essential workbook. Features step-by-step problem solving, proofs, and calculation examples. Builds confidence in tackling difficult numerical challenges.",96,hardcover
The Rise and Fall of Empires,History,"Journey through the annals of History with this comprehensive text. Explore primary sources, timelines of major events, and cultural impact analysis. Develops strong research, argumentation, and critical reading skills.",128,hardcover
"Beyond Good and Evil, 2nd Edition",Philosophy,Unlock the secrets of Philosophy with this definitive guide. Learn to construct and deconstruct complex philosophical arguments. Challenge your assumptions and expand your intellectual horizons.,224,hardcover
Study Skills,Physics,Unlock the secrets of Physics with this definitive guide. Includes varied exercises and review sections. Ideal for students and self-learners alike.,128,paperback
"Introduction to Computer Science, 2nd Edition",Technology,Unlock the secrets of Computer Science with this definitive guide. Features hands-on projects in web design and app development. Demystifies complex technical concepts for beginners.,176,paperback
Introduction to Sociology,Social Studies,"Unlock the secrets of Civics with this definitive guide. Explores social institutions, cultural norms, and societal dynamics. Critical for navigating the complexities of modern social issues.",144,paperback
"Principles of Science, 2nd Edition",Science,Unlock the secrets of Science with this definitive guide. Features diagrams of molecular structures and physical forces in action. Develops critical observation and analytical skills required for STEM fields.,144,paperback
Introduction to Chemistry,Science,Unlock the secrets of Chemistry with this definitive guide. Analyze data from real-world scientific studies and experiments. A must-have for mastering the fundamentals of the scientific curriculum.,176,paperback
"Slovenian Vocabulary Builder, Revised",Language,Unlock the secrets of Slovenian with this definitive guide. Features classic literature excerpts for reading comprehension and analysis. Achieve fluency and confidence in communication.,96,hardcover
"The Wealth of Nations, Revised",Economics,Unlock the secrets of Economics with this definitive guide. Features case studies on business strategy and entrepreneurship. Understand the forces that drive the global economy.,208,flexibound
World Regional Geography,Geography,Unlock the secrets of Geography with this definitive guide. Learn to interpret topographic maps and geographic information systems (GIS). Master the tools needed to analyze spatial data effectively.,128,flexibound
"Discovering Science, Revised",Science,"Unlock the secrets of Science with this definitive guide. Explores the complexities of living organisms, ecosystems, and genetic inheritance. Develops critical observation and analytical skills required for STEM fields.",96,paperback
Study Skills,Sociology,Unlock the secrets of Sociology with this definitive guide. Includes varied exercises and review sections. Ideal for students and self-learners alike.,96,paperback
"Discovering Science, Revised",Science,Unlock the secrets of Science with this definitive guide. Features diagrams of molecular structures and physical forces in action. A must-have for mastering the fundamentals of the scientific curriculum.,144,flexibound
"Advanced Science, 2nd Edition",Science,Unlock the secrets of Science with this definitive guide. Features diagrams of molecular structures and physical forces in action. Perfect for budding scientists and future engineers.,160,paperback
Study Skills,Sociology,Unlock the secrets of Sociology with this definitive guide. Covers essential topics with clarity and depth. A great resource for comprehensive learning.,208,paperback
Color Theory,Arts,"Unlock the secrets of Music with this definitive guide. Explores color theory, composition, and artistic techniques. Unleash your creativity and express yourself through various mediums.",96,paperback
"General Knowledge, Vol. 1",General,Unlock the secrets of Technology with this definitive guide. Includes varied exercises and review sections. Ideal for students and self-learners alike.,144,hardcover
Linear Algebra Done Right,Math,"Master the logic of Mathematics with this essential workbook. Features step-by-step problem solving, proofs, and calculation examples. Builds confidence in tackling difficult numerical challenges.",128,flexibound
"Color Theory, Vol. 1",Arts,"Unlock the secrets of Music with this definitive guide. Explores color theory, composition, and artistic techniques. Unleash your creativity and express yourself through various mediums.",208,flexibound
Chemistry Explained,Science,"Unlock the secrets of Chemistry with this definitive guide. Includes detailed lab experiments, safety protocols, and scientific method exercises. Develops critical observation and analytical skills required for STEM fields.",144,paperback
The Wealth of Nations,Economics,Unlock the secrets of Economics with this definitive guide. Features case studies on business strategy and entrepreneurship. Essential knowledge for future business leaders and policy makers.,224,flexibound
Introduction to Chemistry,Science,Unlock the secrets of Chemistry with this definitive guide. Features diagrams of molecular structures and physical forces in action. A must-have for mastering the fundamentals of the scientific curriculum.,160,hardcover
The Power of Place,Geography,Unlock the secrets of Geography with this definitive guide. Features case studies on environmental issues and global sustainability. Master the tools needed to analyze spatial data effectively.,144,paperback
The World of Chemistry,Science,"Unlock the secrets of Chemistry with this definitive guide. Includes detailed lab experiments, safety protocols, and scientific method exercises. Perfect for budding scientists and future engineers.",96,paperback
Discovering Chemistry,Science,"Unlock the secrets of Chemistry with this definitive guide. Includes detailed lab experiments, safety protocols, and scientific method exercises. Develops critical observation and analytical skills required for STEM fields.",240,hardcover
Study Skills,Sociology,Unlock the secrets of Sociology with this definitive guide. Covers essential topics with clarity and depth. Ideal for students and self-learners alike.,96,flexibound
"General Knowledge, 2nd Edition",Biology,Unlock the secrets of Biology with this definitive guide. Covers essential topics with clarity and depth. A great resource for comprehensive learning.,208,paperback
Study Skills,Biology,Unlock the secrets of Biology with this definitive guide. Includes varied exercises and review sections. A great resource for comprehensive learning.,160,hardcover
Color Theory,Arts,"Unlock the secrets of Art with this definitive guide. Learn about visual storytelling, cinema, and digital design. A journey through the beauty of human expression.",224,hardcover
Principles of Economics,Economics,"Unlock the secrets of Economics with this definitive guide. Analyzes personal finance, investing, and global trade dynamics. Decipher the complex world of money and markets.",96,flexibound
"Critical Thinking, Revised",Sociology,Unlock the secrets of Sociology with this definitive guide. Covers essential topics with clarity and depth. A great resource for comprehensive learning.,176,hardcover
Python Crash Course,Technology,"Unlock the secrets of Computer Science with this definitive guide. Learn the basics of coding, algorithms, and software development. Essential skills for the modern workforce and future innovators.",208,paperback
Mastering Slovenian,Language,"Unlock the secrets of Slovenian with this definitive guide. Practice dialogue, pronunciation, and listening skills with interactive modules. Essential for academic writing and professional communication.",160,flexibound
The Elements of Style,Language,"Unlock the secrets of German with this definitive guide. Practice dialogue, pronunciation, and listening skills with interactive modules. Essential for academic writing and professional communication.",160,flexibound
"Introduction to Cartography, Revised",Geography,"Unlock the secrets of Geography with this definitive guide. Learn to interpret topographic maps and geographic information systems (GIS). Perfect for students interested in travel, environment, and global politics.",224,hardcover
Human Geography,Geography,"Unlock the secrets of Geography with this definitive guide. Features case studies on environmental issues and global sustainability. Perfect for students interested in travel, environment, and global politics.",128,flexibound
"English Grammar in Use, Revised",Language,"Unlock the secrets of German with this definitive guide. Practice dialogue, pronunciation, and listening skills with interactive modules. Achieve fluency and confidence in communication.",208,hardcover
"Introduction to Logic, 2nd Edition",Philosophy,"Unlock the secrets of Philosophy with this definitive guide. Examines the fundamental questions of existence, knowledge, and ethics. Essential for developing a structured and logical worldview.",192,hardcover
Behavioral Economics,Economics,"Unlock the secrets of Economics with this definitive guide. Explores supply and demand, market structures, and fiscal policy. Decipher the complex world of money and markets.",192,hardcover
Color Theory,Arts,"Unlock the secrets of Music with this definitive guide. Analyzes musical notation, harmony, and the history of composers. Perfect for aspiring artists, designers, and musicians.",240,hardcover
Python Crash Course,Technology,"Unlock the secrets of Computer Science with this definitive guide. Explores computer hardware, networking, and cybersecurity principles. Stay ahead in the rapidly evolving digital world.",128,flexibound
Science Explained,Science,"Unlock the secrets of Science with this definitive guide. Explores the complexities of living organisms, ecosystems, and genetic inheritance. Helps students understand the natural world through empirical evidence.",128,paperback
American Government,Social Studies,"Unlock the secrets of Civics with this definitive guide. Explores social institutions, cultural norms, and societal dynamics. Critical for navigating the complexities of modern social issues.",208,flexibound
"Existentialism, Revised",Philosophy,Unlock the secrets of Philosophy with this definitive guide. Learn to construct and deconstruct complex philosophical arguments. Essential for developing a structured and logical worldview.,96,hardcover
Microeconomics,Economics,Unlock the secrets of Economics with this definitive guide. Investigates the history of economic thought and modern financial systems. Make informed financial decisions in your personal and professional life.,144,hardcover
Ancient Civilizations,History,Journey through the annals of History with this comprehensive text. Features biographies of key historical figures and their lasting legacies. Connects historical events to modern-day societal issues.,128,flexibound
German Vocabulary Builder,Language,Unlock the secrets of German with this definitive guide. Features classic literature excerpts for reading comprehension and analysis. Essential for academic writing and professional communication.,224,paperback
"Abnormal Psychology, Vol. 1",Psychology,"Unlock the secrets of Psychology with this definitive guide. Analyzes social interactions, personality types, and motivation. A fascinating dive into the science of what makes us tick.",96,hardcover
"The Rise and Fall of Empires, 2nd Edition",History,Journey through the annals of History with this comprehensive text. Investigate the cause and effect of global events through the ages. Connects historical events to modern-day societal issues.,144,hardcover
Behavioral Economics,Economics,Unlock the secrets of Economics with this definitive guide. Investigates the history of economic thought and modern financial systems. Understand the forces that drive the global economy.,176,flexibound
Principles of Chemistry,Science,Unlock the secrets of Chemistry with this definitive guide. Features diagrams of molecular structures and physical forces in action. Develops critical observation and analytical skills required for STEM fields.,192,hardcover
General Knowledge,Physics,Unlock the secrets of Physics with this definitive guide. Covers essential topics with clarity and depth. A great resource for comprehensive learning.,192,hardcover
Behavioral Economics,Economics,Unlock the secrets of Economics with this definitive guide. Features case studies on business strategy and entrepreneurship. Understand the forces that drive the global economy.,240,flexibound
"English Vocabulary Builder, 2nd Edition",Language,Unlock the secrets of English with this definitive guide. Features classic literature excerpts for reading comprehension and analysis. Unlock the power of expression through mastering language mechanics.,208,flexibound
Physical Geography,Geography,"Unlock the secrets of Geography with this definitive guide. Detailed maps, climate charts, and demographic data analysis. Perfect for students interested in travel, environment, and global politics.",96,paperback
General Knowledge,General,Unlock the secrets of Technology with this definitive guide. Covers essential topics with clarity and depth. A great resource for comprehensive learning.,240,flexibound
Study Skills,General,Unlock the secrets of Technology with this definitive guide. Covers essential topics with clarity and depth. Ideal for students and self-learners alike.,208,flexibound
Introduction to Chemistry,Science,"Unlock the secrets of Chemistry with this definitive guide. Includes detailed lab experiments, safety protocols, and scientific method exercises. Develops critical observation and analytical skills required for STEM fields.",192,paperback
Geometry for Everyone,Math,Master the logic of Mathematics with this essential workbook. Includes varied practice problems ranging from basic arithmetic to complex equations. Sharpen your logical reasoning and quantitative analysis skills.,128,hardcover
Discovering Science,Science,"Unlock the secrets of Science with this definitive guide. Explores the complexities of living organisms, ecosystems, and genetic inheritance. Helps students understand the natural world through empirical evidence.",144,paperback
Behavioral Economics,Economics,"Unlock the secrets of Economics with this definitive guide. Explores supply and demand, market structures, and fiscal policy. Understand the forces that drive the global economy.",176,flexibound
Web Development for Beginners,Technology,Unlock the secrets of Computer Science with this definitive guide. Master digital literacy tools and data management techniques. Essential skills for the modern workforce and future innovators.,192,paperback
Global Issues,Geography,"Unlock the secrets of Geography with this definitive guide. Explores physical landscapes, tectonic activity, and weather patterns. Perfect for students interested in travel, environment, and global politics.",128,hardcover
General Knowledge,Sociology,Unlock the secrets of Sociology with this definitive guide. Covers essential topics with clarity and depth. A great resource for comprehensive learning.,208,flexibound
Mastering Slovenian,Language,"Unlock the secrets of Slovenian with this definitive guide. Focuses on sentence structure, essay writing, and rhetorical techniques. Unlock the power of expression through mastering language mechanics.",208,flexibound
"The Power of Place, Revised",Geography,"Unlock the secrets of Geography with this definitive guide. Investigates human population trends, urbanization, and economic geography. Master the tools needed to analyze spatial data effectively.",208,flexibound
Ancient Civilizations,History,Journey through the annals of History with this comprehensive text. Investigate the cause and effect of global events through the ages. A comprehensive guide for anyone passionate about human history.,144,paperback
"Artificial Intelligence, Revised",Technology,"Unlock the secrets of Computer Science with this definitive guide. Investigates the impact of AI, robotics, and automation on society. Demystifies complex technical concepts for beginners.",208,flexibound
"Music Theory 101, Revised",Arts,"Unlock the secrets of Art with this definitive guide. Learn about visual storytelling, cinema, and digital design. Develop a refined aesthetic sense and critical appreciation of art.",128,hardcover
Creative Writing 101,Language,Unlock the secrets of Slovenian with this definitive guide. Features classic literature excerpts for reading comprehension and analysis. Essential for academic writing and professional communication.,160,paperback
The Power of Place,Geography,Unlock the secrets of Geography with this definitive guide. Features case studies on environmental issues and global sustainability. Gain a global perspective on cultural and environmental diversity.,240,flexibound
Social Problems,Social Studies,"Unlock the secrets of Civics with this definitive guide. Explores social institutions, cultural norms, and societal dynamics. Critical for navigating the complexities of modern social issues.",144,paperback
Mastering German,Language,"Unlock the secrets of German with this definitive guide. Explore the nuances of poetry, prose, and dramatic writing. Essential for academic writing and professional communication.",224,flexibound
The Power of Place,Geography,"Unlock the secrets of Geography with this definitive guide. Explores physical landscapes, tectonic activity, and weather patterns. Crucial for understanding the complex relationship between humans and the earth.",240,hardcover
"Introduction to Computer Science, Revised",Technology,"Unlock the secrets of Computer Science with this definitive guide. Explores computer hardware, networking, and cybersecurity principles. Empowers you to create, not just consume, technology.",160,flexibound
Mastering English,Language,Unlock the secrets of English with this definitive guide. Features classic literature excerpts for reading comprehension and analysis. Deepen your appreciation for literature and cultural storytelling.,224,flexibound
Critique of Pure Reason,Philosophy,Unlock the secrets of Philosophy with this definitive guide. Learn to construct and deconstruct complex philosophical arguments. Sharpen your critical thinking and argumentative skills.,96,paperback
"General Knowledge, 2nd Edition",Physics,Unlock the secrets of Physics with this definitive guide. Includes varied exercises and review sections. Ideal for students and self-learners alike.,240,flexibound
Introduction to Sociology,Social Studies,"Unlock the secrets of Civics with this definitive guide. Discussion points on ethics, democracy, and community engagement. Develop empathy and understanding for diverse social perspectives.",128,hardcover
"The Rise and Fall of Empires, Vol. 1",History,Journey through the annals of History with this comprehensive text. Features biographies of key historical figures and their lasting legacies. Connects historical events to modern-day societal issues.,96,flexibound
The Rise and Fall of Empires,History,"Journey through the annals of History with this comprehensive text. Examines the social, political, and economic drivers of historical change. A comprehensive guide for anyone passionate about human history.",240,paperback
The Man Who Mistook His Wife for a Hat,Psychology,Unlock the secrets of Psychology with this definitive guide. Investigates famous psychological experiments and their findings. Essential for understanding human dynamics in any field.,192,flexibound
"German Vocabulary Builder, Vol. 1",Language,"Unlock the secrets of German with this definitive guide. Explore the nuances of poetry, prose, and dramatic writing. Deepen your appreciation for literature and cultural storytelling.",240,paperback
"Discrete Mathematics, Vol. 1",Math,"Master the logic of Mathematics with this essential workbook. Explores mathematical logic, set theory, and function graphing. Sharpen your logical reasoning and quantitative analysis skills.",224,hardcover
"Science Explained, Revised",Science,Unlock the secrets of Science with this definitive guide. Features diagrams of molecular structures and physical forces in action. Helps students understand the natural world through empirical evidence.,224,flexibound
"Principles of Chemistry, Vol. 1",Science,Unlock the secrets of Chemistry with this definitive guide. Analyze data from real-world scientific studies and experiments. A must-have for mastering the fundamentals of the scientific curriculum.,192,hardcover
"Critique of Pure Reason, Revised",Philosophy,"Unlock the secrets of Philosophy with this definitive guide. Discussion on logic, reasoning, and critical argumentation. Explore the deepest questions of human life and society.",160,paperback
"English Grammar in Use, Revised",Language,"Unlock the secrets of German with this definitive guide. Includes comprehensive grammar rules, vocabulary lists, and conjugation tables. Achieve fluency and confidence in communication.",96,flexibound
General Knowledge,Biology,Unlock the secrets of Biology with this definitive guide. Covers essential topics with clarity and depth. A great resource for comprehensive learning.,128,paperback
Study Skills,Sociology,Unlock the secrets of Sociology with this definitive guide. Covers essential topics with clarity and depth. A great resource for comprehensive learning.,192,hardcover
Critical Thinking,Physics,Unlock the secrets of Physics with this definitive guide. Includes varied exercises and review sections. Ideal for students and self-learners alike.,192,paperback
"Study Skills, Revised",General,Unlock the secrets of Technology with this definitive guide. Covers essential topics with clarity and depth. Ideal for students and self-learners alike.,160,hardcover
Calculus: Early Transcendentals,Math,"Master the logic of Mathematics with this essential workbook. Explores mathematical logic, set theory, and function graphing. Sharpen your logical reasoning and quantitative analysis skills.",144,paperback
Critical Thinking,General,Unlock the secrets of Technology with this definitive guide. Covers essential topics with clarity and depth. Ideal for students and self-learners alike.,224,paperback
The Man Who Mistook His Wife for a Hat,Psychology,"Unlock the secrets of Psychology with this definitive guide. Explores cognitive processes, human behavior, and emotional development. Gain insight into your own mind and the behavior of others.",160,flexibound
Critical Thinking,Physics,Unlock the secrets of Physics with this definitive guide. Covers essential topics with clarity and depth. A great resource for comprehensive learning.,208,paperback
Abnormal Psychology,Psychology,"Unlock the secrets of Psychology with this definitive guide. Explores cognitive processes, human behavior, and emotional development. Essential for understanding human dynamics in any field.",176,flexibound
"Introduction to Logic, Revised",Philosophy,"Unlock the secrets of Philosophy with this definitive guide. Explores the works of Plato, Aristotle, Kant, and modern thinkers. Essential for developing a structured and logical worldview.",160,paperback
The Man Who Mistook His Wife for a Hat,Psychology,Unlock the secrets of Psychology with this definitive guide. Learn about the scientific methods used to study the human mind. Gain insight into your own mind and the behavior of others.,192,paperback
Slovenian Vocabulary Builder,Language,"Unlock the secrets of Slovenian with this definitive guide. Focuses on sentence structure, essay writing, and rhetorical techniques. Essential for academic writing and professional communication.",208,hardcover
The Art of Problem Solving,Math,"Master the logic of Mathematics with this essential workbook. Explores mathematical logic, set theory, and function graphing. Sharpen your logical reasoning and quantitative analysis skills.",160,flexibound
"The Power of Place, 2nd Edition",Geography,Unlock the secrets of Geography with this definitive guide. Features case studies on environmental issues and global sustainability. Master the tools needed to analyze spatial data effectively.,240,flexibound
The Power of Place,Geography,Unlock the secrets of Geography with this definitive guide. Features case studies on environmental issues and global sustainability. Gain a global perspective on cultural and environmental diversity.,224,paperback
Ancient Civilizations,History,Journey through the annals of History with this comprehensive text. Investigate the cause and effect of global events through the ages. Understand the past to better comprehend the present global landscape.,208,paperback
"Introduction to Sociology, 2nd Edition",Social Studies,"Unlock the secrets of Civics with this definitive guide. Discussion points on ethics, democracy, and community engagement. Critical for navigating the complexities of modern social issues.",192,flexibound
"Slovenian Vocabulary Builder, Revised",Language,"Unlock the secrets of Slovenian with this definitive guide. Focuses on sentence structure, essay writing, and rhetorical techniques. Unlock the power of expression through mastering language mechanics.",96,flexibound
Introduction to Statistics,Math,"Master the logic of Mathematics with this essential workbook. Covers algebra, geometry, calculus, and statistical analysis in depth. Unlock the language of the universe with clear, concise explanations.",240,paperback
"General Knowledge, Revised",Physics,Unlock the secrets of Physics with this definitive guide. Includes varied exercises and review sections. Ideal for students and self-learners alike.,160,hardcover
English Grammar in Use,Language,Unlock the secrets of English with this definitive guide. Features classic literature excerpts for reading comprehension and analysis. Deepen your appreciation for literature and cultural storytelling.,208,flexibound
"Creative Writing 101, Revised",Language,"Unlock the secrets of German with this definitive guide. Practice dialogue, pronunciation, and listening skills with interactive modules. Essential for academic writing and professional communication.",128,paperback
Ancient Civilizations,History,Journey through the annals of History with this comprehensive text. Investigate the cause and effect of global events through the ages. A comprehensive guide for anyone passionate about human history.,224,paperback
"Principles of Chemistry, Revised",Science,"Unlock the secrets of Chemistry with this definitive guide. Covers atomic structure, chemical reactions, and the laws of physics. Perfect for budding scientists and future engineers.",208,flexibound
Discovering Chemistry,Science,Unlock the secrets of Chemistry with this definitive guide. Features diagrams of molecular structures and physical forces in action. Perfect for budding scientists and future engineers.,224,paperback
Cultural Anthropology,Social Studies,"Unlock the secrets of Civics with this definitive guide. Analyzes government structures, civic rights, and legal responsibilities. Critical for navigating the complexities of modern social issues.",96,paperback
Study Skills,Sociology,Unlock the secrets of Sociology with this definitive guide. Covers essential topics with clarity and depth. A great resource for comprehensive learning.,176,paperback
"The Elements of Style, Revised",Language,"Unlock the secrets of German with this definitive guide. Focuses on sentence structure, essay writing, and rhetorical techniques. Deepen your appreciation for literature and cultural storytelling.",192,flexibound
Modern World History,History,"Journey through the annals of History with this comprehensive text. Examines the social, political, and economic drivers of historical change. Understand the past to better comprehend the present global landscape.",176,paperback
Beyond Good and Evil,Philosophy,"Unlock the secrets of Philosophy with this definitive guide. Explores the works of Plato, Aristotle, Kant, and modern thinkers. Explore the deepest questions of human life and society.",96,hardcover
The Republic,Philosophy,Unlock the secrets of Philosophy with this definitive guide. Learn to construct and deconstruct complex philosophical arguments. Challenge your assumptions and expand your intellectual horizons.,144,hardcover
The Art of Problem Solving,Math,Master the logic of Mathematics with this essential workbook. Includes varied practice problems ranging from basic arithmetic to complex equations. Builds confidence in tackling difficult numerical challenges.,224,hardcover
"Macroeconomics, Revised",Economics,"Unlock the secrets of Economics with this definitive guide. Explores supply and demand, market structures, and fiscal policy. Essential knowledge for future business leaders and policy makers.",240,paperback
"General Knowledge, Vol. 1",Biology,Unlock the secrets of Biology with this definitive guide. Covers essential topics with clarity and depth. A great resource for comprehensive learning.,144,hardcover
"Introduction to Computer Science, 2nd Edition",Technology,Unlock the secrets of Computer Science with this definitive guide. Master digital literacy tools and data management techniques. Demystifies complex technical concepts for beginners.,96,hardcover
"World Regional Geography, Revised",Geography,"Unlock the secrets of Geography with this definitive guide. Detailed maps, climate charts, and demographic data analysis. Gain a global perspective on cultural and environmental diversity.",208,flexibound
"Introduction to Cartography, Vol. 1",Geography,"Unlock the secrets of Geography with this definitive guide. Investigates human population trends, urbanization, and economic geography. Master the tools needed to analyze spatial data effectively.",192,hardcover
"The Story of Art, 2nd Edition",Arts,"Unlock the secrets of Music with this definitive guide. Analyzes musical notation, harmony, and the history of composers. Perfect for aspiring artists, designers, and musicians.",96,flexibound
Global Issues,Geography,"Unlock the secrets of Geography with this definitive guide. Explores physical landscapes, tectonic activity, and weather patterns. Gain a global perspective on cultural and environmental diversity.",224,hardcover
Critical Thinking,General,Unlock the secrets of Technology with this definitive guide. Includes varied exercises and review sections. Ideal for students and self-learners alike.,176,hardcover
"American Government, Vol. 1",Social Studies,"Unlock the secrets of Civics with this definitive guide. Investigates global issues like human rights, poverty, and globalization. Prepares students for roles in public service, law, and sociology.",144,paperback
"Critical Thinking, 2nd Edition",General,Unlock the secrets of Technology with this definitive guide. Includes varied exercises and review sections. A great resource for comprehensive learning.,208,paperback
Critical Thinking,Physics,Unlock the secrets of Physics with this definitive guide. Covers essential topics with clarity and depth. Ideal for students and self-learners alike.,192,flexibound
"General Knowledge, Vol. 1",Physics,Unlock the secrets of Physics with this definitive guide. Includes varied exercises and review sections. A great resource for comprehensive learning.,240,flexibound
"Study Skills, 2nd Edition",General,Unlock the secrets of Technology with this definitive guide. Includes varied exercises and review sections. A great resource for comprehensive learning.,192,hardcover
General Knowledge,Sociology,Unlock the secrets of Sociology with this definitive guide. Includes varied exercises and review sections. Ideal for students and self-learners alike.,224,paperback
Introduction to Chemistry,Science,Unlock the secrets of Chemistry with this definitive guide. Analyze data from real-world scientific studies and experiments. Develops critical observation and analytical skills required for STEM fields.,160,flexibound
Music Theory 101,Arts,"Unlock the secrets of Music with this definitive guide. Includes practical exercises in drawing, painting, and sculpture. Develop a refined aesthetic sense and critical appreciation of art.",160,paperback
General Knowledge,Biology,Unlock the secrets of Biology with this definitive guide. Includes varied exercises and review sections. A great resource for comprehensive learning.,128,hardcover
Principles of Chemistry,Science,Unlock the secrets of Chemistry with this definitive guide. Analyze data from real-world scientific studies and experiments. Helps students understand the natural world through empirical evidence.,192,hardcover
"Mastering English, Revised",Language,"Unlock the secrets of English with this definitive guide. Practice dialogue, pronunciation, and listening skills with interactive modules. Deepen your appreciation for literature and cultural storytelling.",128,hardcover
Critical Thinking,Physics,Unlock the secrets of Physics with this definitive guide. Includes varied exercises and review sections. Ideal for students and self-learners alike.,208,paperback
Principles of Science,Science,"Unlock the secrets of Science with this definitive guide. Covers atomic structure, chemical reactions, and the laws of physics. A must-have for mastering the fundamentals of the scientific curriculum.",208,paperback
"Medieval Europe, Vol. 1",History,"Journey through the annals of History with this comprehensive text. Examines the social, political, and economic drivers of historical change. Connects historical events to modern-day societal issues.",224,paperback
"General Knowledge, 2nd Edition",Sociology,Unlock the secrets of Sociology with this definitive guide. Includes varied exercises and review sections. Ideal for students and self-learners alike.,208,hardcover
"The Wealth of Nations, 2nd Edition",Economics,"Unlock the secrets of Economics with this definitive guide. Analyzes personal finance, investing, and global trade dynamics. Essential knowledge for future business leaders and policy makers.",128,flexibound
The Wealth of Nations,Economics,"Unlock the secrets of Economics with this definitive guide. Explores supply and demand, market structures, and fiscal policy. Essential knowledge for future business leaders and policy makers.",96,hardcover
Critical Thinking,General,Unlock the secrets of Technology with this definitive guide. Includes varied exercises and review sections. A great resource for comprehensive learning.,144,paperback
"Study Skills, 2nd Edition",Biology,Unlock the secrets of Biology with this definitive guide. Includes varied exercises and review sections. Ideal for students and self-learners alike.,176,hardcover
"Advanced Chemistry, Revised",Science,"Unlock the secrets of Chemistry with this definitive guide. Includes detailed lab experiments, safety protocols, and scientific method exercises. A must-have for mastering the fundamentals of the scientific curriculum.",240,flexibound
"General Knowledge, Vol. 1",Physics,Unlock the secrets of Physics with this definitive guide. Includes varied exercises and review sections. A great resource for comprehensive learning.,224,hardcover
Introduction to Statistics,Math,"Master the logic of Mathematics with this essential workbook. Learn to apply mathematical concepts to solve real-world engineering problems. Unlock the language of the universe with clear, concise explanations.",160,hardcover
"Discovering Chemistry, Revised",Science,"Unlock the secrets of Chemistry with this definitive guide. Covers atomic structure, chemical reactions, and the laws of physics. Helps students understand the natural world through empirical evidence.",160,hardcover
"The Man Who Mistook His Wife for a Hat, Revised",Psychology,"Unlock the secrets of Psychology with this definitive guide. Explores cognitive processes, human behavior, and emotional development. Gain insight into your own mind and the behavior of others.",240,paperback
Mastering English,Language,Unlock the secrets of English with this definitive guide. Features classic literature excerpts for reading comprehension and analysis. Essential for academic writing and professional communication.,160,hardcover
Mastering German,Language,"Unlock the secrets of German with this definitive guide. Focuses on sentence structure, essay writing, and rhetorical techniques. Essential for academic writing and professional communication.",176,flexibound
Advanced Chemistry,Science,Unlock the secrets of Chemistry with this definitive guide. Features diagrams of molecular structures and physical forces in action. A must-have for mastering the fundamentals of the scientific curriculum.,144,flexibound
Modern World History,History,"Journey through the annals of History with this comprehensive text. Investigate the cause and effect of global events through the ages. Develops strong research, argumentation, and critical reading skills.",160,hardcover
The Power of Place,Geography,"Unlock the secrets of Geography with this definitive guide. Explores physical landscapes, tectonic activity, and weather patterns. Crucial for understanding the complex relationship between humans and the earth.",96,hardcover
Creative Writing 101,Language,"Unlock the secrets of Slovenian with this definitive guide. Explore the nuances of poetry, prose, and dramatic writing. Deepen your appreciation for literature and cultural storytelling.",128,hardcover
"Python Crash Course, Vol. 1",Technology,"Unlock the secrets of Computer Science with this definitive guide. Explores computer hardware, networking, and cybersecurity principles. Demystifies complex technical concepts for beginners.",128,flexibound
Color Theory,Arts,"Unlock the secrets of Music with this definitive guide. Analyzes musical notation, harmony, and the history of composers. Unleash your creativity and express yourself through various mediums.",176,paperback
Critique of Pure Reason,Philosophy,Unlock the secrets of Philosophy with this definitive guide. Investigates moral dilemmas and the nature of human consciousness. Sharpen your critical thinking and argumentative skills.,240,paperback
"The Power of Place, Revised",Geography,Unlock the secrets of Geography with this definitive guide. Learn to interpret topographic maps and geographic information systems (GIS). Crucial for understanding the complex relationship between humans and the earth.,192,paperback
Mastering Chemistry,Science,"Unlock the secrets of Chemistry with this definitive guide. Explores the complexities of living organisms, ecosystems, and genetic inheritance. Develops critical observation and analytical skills required for STEM fields.",128,hardcover
Creative Writing 101,Language,Unlock the secrets of English with this definitive guide. Features classic literature excerpts for reading comprehension and analysis. Essential for academic writing and professional communication.,128,hardcover
"Study Skills, Vol. 1",Sociology,Unlock the secrets of Sociology with this definitive guide. Covers essential topics with clarity and depth. Ideal for students and self-learners alike.,160,flexibound
Art History,Arts,"Unlock the secrets of Art with this definitive guide. Includes practical exercises in drawing, painting, and sculpture. Develop a refined aesthetic sense and critical appreciation of art.",176,hardcover
Modern World History,History,Journey through the annals of History with this comprehensive text. Investigate the cause and effect of global events through the ages. Connects historical events to modern-day societal issues.,240,flexibound
The Power of Place,Geography,Unlock the secrets of Geography with this definitive guide. Learn to interpret topographic maps and geographic information systems (GIS). Gain a global perspective on cultural and environmental diversity.,240,hardcover
"Human Geography, Revised",Geography,"Unlock the secrets of Geography with this definitive guide. Explores physical landscapes, tectonic activity, and weather patterns. Gain a global perspective on cultural and environmental diversity.",160,hardcover
Introduction to Sociology,Social Studies,"Unlock the secrets of Civics with this definitive guide. Explores social institutions, cultural norms, and societal dynamics. Critical for navigating the complexities of modern social issues.",128,paperback
Global Issues,Geography,Unlock the secrets of Geography with this definitive guide. Learn to interpret topographic maps and geographic information systems (GIS). Master the tools needed to analyze spatial data effectively.,144,flexibound
Understanding Society,Social Studies,Unlock the secrets of Civics with this definitive guide. Learn about the foundations of modern society and political systems. Critical for navigating the complexities of modern social issues.,96,paperback
Study Skills,Biology,Unlock the secrets of Biology with this definitive guide. Includes varied exercises and review sections. Ideal for students and self-learners alike.,208,flexibound
English Grammar in Use,Language,"Unlock the secrets of Slovenian with this definitive guide. Explore the nuances of poetry, prose, and dramatic writing. Achieve fluency and confidence in communication.",176,hardcover
Music Theory 101,Arts,"Unlock the secrets of Art with this definitive guide. Includes practical exercises in drawing, painting, and sculpture. Perfect for aspiring artists, designers, and musicians.",160,flexibound
"Linear Algebra Done Right, Vol. 1",Math,"Master the logic of Mathematics with this essential workbook. Features step-by-step problem solving, proofs, and calculation examples. Unlock the language of the universe with clear, concise explanations.",224,flexibound
"Critical Thinking, Revised",Physics,Unlock the secrets of Physics with this definitive guide. Covers essential topics with clarity and depth. Ideal for students and self-learners alike.,192,flexibound
"The Wealth of Nations, Revised",Economics,"Unlock the secrets of Economics with this definitive guide. Analyzes personal finance, investing, and global trade dynamics. Make informed financial decisions in your personal and professional life.",96,hardcover
The Wealth of Nations,Economics,Unlock the secrets of Economics with this definitive guide. Investigates the history of economic thought and modern financial systems. Make informed financial decisions in your personal and professional life.,240,paperback
Mastering Chemistry,Science,"Unlock the secrets of Chemistry with this definitive guide. Explores the complexities of living organisms, ecosystems, and genetic inheritance. A must-have for mastering the fundamentals of the scientific curriculum.",128,flexibound
Introduction to Logic,Philosophy,Unlock the secrets of Philosophy with this definitive guide. Learn to construct and deconstruct complex philosophical arguments. Explore the deepest questions of human life and society.,240,hardcover
Slovenian Vocabulary Builder,Language,"Unlock the secrets of Slovenian with this definitive guide. Practice dialogue, pronunciation, and listening skills with interactive modules. Deepen your appreciation for literature and cultural storytelling.",144,flexibound
Critical Thinking,General,Unlock the secrets of Technology with this definitive guide. Includes varied exercises and review sections. Ideal for students and self-learners alike.,96,paperback
Music Theory 101,Arts,"Unlock the secrets of Music with this definitive guide. Analyzes musical notation, harmony, and the history of composers. Develop a refined aesthetic sense and critical appreciation of art.",144,flexibound
The Elements of Style,Language,"Unlock the secrets of German with this definitive guide. Focuses on sentence structure, essay writing, and rhetorical techniques. Unlock the power of expression through mastering language mechanics.",208,hardcover
"Principles of Economics, Vol. 1",Economics,"Unlock the secrets of Economics with this definitive guide. Analyzes personal finance, investing, and global trade dynamics. Make informed financial decisions in your personal and professional life.",192,hardcover
Civics Today,Social Studies,"Unlock the secrets of Civics with this definitive guide. Discussion points on ethics, democracy, and community engagement. Critical for navigating the complexities of modern social issues.",128,flexibound
Critical Thinking,Biology,Unlock the secrets of Biology with this definitive guide. Includes varied exercises and review sections. A great resource for comprehensive learning.,208,hardcover
Drawing on the Right Side of the Brain,Arts,Unlock the secrets of Art with this definitive guide. Features history of art movements from the Renaissance to Modernism. A journey through the beauty of human expression.,160,flexibound
Mastering Science,Science,"Unlock the secrets of Science with this definitive guide. Includes detailed lab experiments, safety protocols, and scientific method exercises. Perfect for budding scientists and future engineers.",128,paperback
General Knowledge,Biology,Unlock the secrets of Biology with this definitive guide. Covers essential topics with clarity and depth. A great resource for comprehensive learning.,128,flexibound
Abnormal Psychology,Psychology,"Unlock the secrets of Psychology with this definitive guide. Analyzes social interactions, personality types, and motivation. A fascinating dive into the science of what makes us tick.",160,hardcover
Discovering Chemistry,Science,Unlock the secrets of Chemistry with this definitive guide. Analyze data from real-world scientific studies and experiments. Helps students understand the natural world through empirical evidence.,96,hardcover
Chemistry Explained,Science,Unlock the secrets of Chemistry with this definitive guide. Analyze data from real-world scientific studies and experiments. Perfect for budding scientists and future engineers.,224,flexibound
"The History of Jazz, Vol. 1",Arts,"Unlock the secrets of Music with this definitive guide. Learn about visual storytelling, cinema, and digital design. Develop a refined aesthetic sense and critical appreciation of art.",192,paperback
The Rise and Fall of Empires,History,"Journey through the annals of History with this comprehensive text. Chronicles the rise and fall of civilizations, wars, and revolutions. Develops strong research, argumentation, and critical reading skills.",160,flexibound
The World of Chemistry,Science,"Unlock the secrets of Chemistry with this definitive guide. Includes detailed lab experiments, safety protocols, and scientific method exercises. Perfect for budding scientists and future engineers.",128,flexibound
Freakonomics,Economics,Unlock the secrets of Economics with this definitive guide. Features case studies on business strategy and entrepreneurship. Essential knowledge for future business leaders and policy makers.,160,paperback
Global Issues,Geography,"Unlock the secrets of Geography with this definitive guide. Detailed maps, climate charts, and demographic data analysis. Gain a global perspective on cultural and environmental diversity.",96,flexibound
"Discrete Mathematics, Revised",Math,Master the logic of Mathematics with this essential workbook. Learn to apply mathematical concepts to solve real-world engineering problems. Sharpen your logical reasoning and quantitative analysis skills.,192,hardcover
The Man Who Mistook His Wife for a Hat,Psychology,"Unlock the secrets of Psychology with this definitive guide. Analyzes social interactions, personality types, and motivation. Develops empathy and emotional intelligence.",192,paperback
American Government,Social Studies,"Unlock the secrets of Civics with this definitive guide. Discussion points on ethics, democracy, and community engagement. Develop empathy and understanding for diverse social perspectives.",128,flexibound
General Knowledge,Biology,Unlock the secrets of Biology with this definitive guide. Includes varied exercises and review sections. Ideal for students and self-learners alike.,128,hardcover
Principles of Economics,Economics,"Unlock the secrets of Economics with this definitive guide. Analyzes personal finance, investing, and global trade dynamics. Decipher the complex world of money and markets.",96,hardcover
The Republic,Philosophy,"Unlock the secrets of Philosophy with this definitive guide. Explores the works of Plato, Aristotle, Kant, and modern thinkers. Explore the deepest questions of human life and society.",192,paperback
The Elements of Style,Language,"Unlock the secrets of Slovenian with this definitive guide. Includes comprehensive grammar rules, vocabulary lists, and conjugation tables. Essential for academic writing and professional communication.",240,paperback
"Critical Thinking, 2nd Edition",Physics,Unlock the secrets of Physics with this definitive guide. Includes varied exercises and review sections. A great resource for comprehensive learning.,224,hardcover
"The Elements of Style, Vol. 1",Language,"Unlock the secrets of Slovenian with this definitive guide. Focuses on sentence structure, essay writing, and rhetorical techniques. Essential for academic writing and professional communication.",224,paperback
Study Skills,Sociology,Unlock the secrets of Sociology with this definitive guide. Includes varied exercises and review sections. Ideal for students and self-learners alike.,144,paperback
"The Story of Art, Revised",Arts,"Unlock the secrets of Music with this definitive guide. Learn about visual storytelling, cinema, and digital design. Unleash your creativity and express yourself through various mediums.",96,flexibound
"Principles of Science, Revised",Science,"Unlock the secrets of Science with this definitive guide. Covers atomic structure, chemical reactions, and the laws of physics. A must-have for mastering the fundamentals of the scientific curriculum.",224,paperback
Study Skills,Sociology,Unlock the secrets of Sociology with this definitive guide. Covers essential topics with clarity and depth. Ideal for students and self-learners alike.,96,flexibound
"Creative Writing 101, Vol. 1",Language,"Unlock the secrets of Slovenian with this definitive guide. Explore the nuances of poetry, prose, and dramatic writing. Essential for academic writing and professional communication.",240,hardcover
Critical Thinking,Sociology,Unlock the secrets of Sociology with this definitive guide. Covers essential topics with clarity and depth. Ideal for students and self-learners alike.,176,hardcover
Mastering Slovenian,Language,"Unlock the secrets of Slovenian with this definitive guide. Explore the nuances of poetry, prose, and dramatic writing. Unlock the power of expression through mastering language mechanics.",144,hardcover
Critical Thinking,Physics,Unlock the secrets of Physics with this definitive guide. Includes varied exercises and review sections. Ideal for students and self-learners alike.,96,hardcover
Critical Thinking,Sociology,Unlock the secrets of Sociology with this definitive guide. Includes varied exercises and review sections. Ideal for students and self-learners alike.,224,flexibound
"Cognitive Psychology, 2nd Edition",Psychology,Unlock the secrets of Psychology with this definitive guide. Investigates famous psychological experiments and their findings. Essential for understanding human dynamics in any field.,208,flexibound
Chemistry Explained,Science,"Unlock the secrets of Chemistry with this definitive guide. Covers atomic structure, chemical reactions, and the laws of physics. Perfect for budding scientists and future engineers.",240,paperback
"Color Theory, Revised",Arts,"Unlock the secrets of Music with this definitive guide. Features history of art movements from the Renaissance to Modernism. Perfect for aspiring artists, designers, and musicians.",192,paperback
"Study Skills, 2nd Edition",General,Unlock the secrets of Technology with this definitive guide. Covers essential topics with clarity and depth. A great resource for comprehensive learning.,240,flexibound
"Discrete Mathematics, 2nd Edition",Math,"Master the logic of Mathematics with this essential workbook. Learn to apply mathematical concepts to solve real-world engineering problems. Unlock the language of the universe with clear, concise explanations.",176,paperback
The Elements of Style,Language,Unlock the secrets of English with this definitive guide. Features classic literature excerpts for reading comprehension and analysis. Essential for academic writing and professional communication.,128,hardcover
"Drawing on the Right Side of the Brain, 2nd Edition",Arts,"Unlock the secrets of Art with this definitive guide. Learn about visual storytelling, cinema, and digital design. A journey through the beauty of human expression.",160,flexibound
Discrete Mathematics,Math,"Master the logic of Mathematics with this essential workbook. Explores mathematical logic, set theory, and function graphing. Unlock the language of the universe with clear, concise explanations.",224,hardcover
Social Problems,Social Studies,"Unlock the secrets of Civics with this definitive guide. Explores social institutions, cultural norms, and societal dynamics. Prepares students for roles in public service, law, and sociology.",176,hardcover
"Thinking, Fast and Slow",Psychology,"Unlock the secrets of Psychology with this definitive guide. Covers mental health, therapy techniques, and neurological foundations. A fascinating dive into the science of what makes us tick.",208,hardcover
The Art of Problem Solving,Math,"Master the logic of Mathematics with this essential workbook. Features step-by-step problem solving, proofs, and calculation examples. Sharpen your logical reasoning and quantitative analysis skills.",96,flexibound
Discrete Mathematics,Math,"Master the logic of Mathematics with this essential workbook. Covers algebra, geometry, calculus, and statistical analysis in depth. Builds confidence in tackling difficult numerical challenges.",192,flexibound
Music Theory 101,Arts,Unlock the secrets of Art with this definitive guide. Features history of art movements from the Renaissance to Modernism. Develop a refined aesthetic sense and critical appreciation of art.,192,hardcover
Mastering German,Language,"Unlock the secrets of German with this definitive guide. Focuses on sentence structure, essay writing, and rhetorical techniques. Essential for academic writing and professional communication.",240,paperback
"Ancient Civilizations, Revised",History,"Journey through the annals of History with this comprehensive text. Explore primary sources, timelines of major events, and cultural impact analysis. A comprehensive guide for anyone passionate about human history.",224,flexibound
Linear Algebra Done Right,Math,Master the logic of Mathematics with this essential workbook. Includes varied practice problems ranging from basic arithmetic to complex equations. Builds confidence in tackling difficult numerical challenges.,128,hardcover
"General Knowledge, 2nd Edition",Sociology,Unlock the secrets of Sociology with this definitive guide. Includes varied exercises and review sections. Ideal for students and self-learners alike.,224,hardcover
"Meditations, 2nd Edition",Philosophy,Unlock the secrets of Philosophy with this definitive guide. Learn to construct and deconstruct complex philosophical arguments. Essential for developing a structured and logical worldview.,144,paperback
Critical Thinking,Sociology,Unlock the secrets of Sociology with this definitive guide. Includes varied exercises and review sections. Ideal for students and self-learners alike.,176,paperback
American Government,Social Studies,Unlock the secrets of Civics with this definitive guide. Learn about the foundations of modern society and political systems. Develop empathy and understanding for diverse social perspectives.,176,hardcover
World Regional Geography,Geography,"Unlock the secrets of Geography with this definitive guide. Investigates human population trends, urbanization, and economic geography. Crucial for understanding the complex relationship between humans and the earth.",208,paperback
"The Elements of Style, 2nd Edition",Language,"Unlock the secrets of English with this definitive guide. Explore the nuances of poetry, prose, and dramatic writing. Essential for academic writing and professional communication.",176,hardcover
"Introduction to Computer Science, 2nd Edition",Technology,Unlock the secrets of Computer Science with this definitive guide. Master digital literacy tools and data management techniques. Essential skills for the modern workforce and future innovators.,128,flexibound
"Principles of Economics, Revised",Economics,Unlock the secrets of Economics with this definitive guide. Investigates the history of economic thought and modern financial systems. Make informed financial decisions in your personal and professional life.,224,flexibound
"Study Skills, Revised",Biology,Unlock the secrets of Biology with this definitive guide. Covers essential topics with clarity and depth. A great resource for comprehensive learning.,224,flexibound
"Slovenian Vocabulary Builder, Vol. 1",Language,"Unlock the secrets of Slovenian with this definitive guide. Includes comprehensive grammar rules, vocabulary lists, and conjugation tables. Essential for academic writing and professional communication.",96,hardcover
Microeconomics,Economics,"Unlock the secrets of Economics with this definitive guide. Explores supply and demand, market structures, and fiscal policy. Essential knowledge for future business leaders and policy makers.",192,hardcover
"Civics Today, Revised",Social Studies,"Unlock the secrets of Civics with this definitive guide. Analyzes government structures, civic rights, and legal responsibilities. Critical for navigating the complexities of modern social issues.",192,flexibound
Beyond Good and Evil,Philosophy,Unlock the secrets of Philosophy with this definitive guide. Learn to construct and deconstruct complex philosophical arguments. Essential for developing a structured and logical worldview.,176,hardcover
Calculus: Early Transcendentals,Math,"Master the logic of Mathematics with this essential workbook. Covers algebra, geometry, calculus, and statistical analysis in depth. Essential for success in exams and higher-level mathematics courses.",240,flexibound
Introduction to Cartography,Geography,Unlock the secrets of Geography with this definitive guide. Features case studies on environmental issues and global sustainability. Crucial for understanding the complex relationship between humans and the earth.,160,paperback
Mastering German,Language,"Unlock the secrets of German with this definitive guide. Explore the nuances of poetry, prose, and dramatic writing. Achieve fluency and confidence in communication.",96,flexibound
Critical Thinking,General,Unlock the secrets of Technology with this definitive guide. Covers essential topics with clarity and depth. Ideal for students and self-learners alike.,224,paperback
"Study Skills, Vol. 1",Physics,Unlock the secrets of Physics with this definitive guide. Includes varied exercises and review sections. Ideal for students and self-learners alike.,128,flexibound
The Man Who Mistook His Wife for a Hat,Psychology,Unlock the secrets of Psychology with this definitive guide. Investigates famous psychological experiments and their findings. Gain insight into your own mind and the behavior of others.,128,flexibound
General Knowledge,Physics,Unlock the secrets of Physics with this definitive guide. Covers essential topics with clarity and depth. Ideal for students and self-learners alike.,96,hardcover
Critical Thinking,Sociology,Unlock the secrets of Sociology with this definitive guide. Includes varied exercises and review sections. A great resource for comprehensive learning.,192,hardcover
Introduction to Chemistry,Science,Unlock the secrets of Chemistry with this definitive guide. Features diagrams of molecular structures and physical forces in action. A must-have for mastering the fundamentals of the scientific curriculum.,160,paperback
"Mastering Slovenian, 2nd Edition",Language,"Unlock the secrets of Slovenian with this definitive guide. Explore the nuances of poetry, prose, and dramatic writing. Essential for academic writing and professional communication.",240,flexibound
English Grammar in Use,Language,"Unlock the secrets of English with this definitive guide. Practice dialogue, pronunciation, and listening skills with interactive modules. Achieve fluency and confidence in communication.",192,paperback
Introduction to Psychology,Psychology,Unlock the secrets of Psychology with this definitive guide. Learn about the scientific methods used to study the human mind. Develops empathy and emotional intelligence.,224,hardcover
Study Skills,Biology,Unlock the secrets of Biology with this definitive guide. Includes varied exercises and review sections. A great resource for comprehensive learning.,240,hardcover
Ancient Civilizations,History,Journey through the annals of History with this comprehensive text. Features biographies of key historical figures and their lasting legacies. Connects historical events to modern-day societal issues.,240,flexibound
"Thinking, Fast and Slow",Psychology,Unlock the secrets of Psychology with this definitive guide. Learn about the scientific methods used to study the human mind. Develops empathy and emotional intelligence.,160,paperback
Civics Today,Social Studies,"Unlock the secrets of Civics with this definitive guide. Explores social institutions, cultural norms, and societal dynamics. Develop empathy and understanding for diverse social perspectives.",240,flexibound
"Color Theory, Revised",Arts,Unlock the secrets of Art with this definitive guide. Features history of art movements from the Renaissance to Modernism. Develop a refined aesthetic sense and critical appreciation of art.,208,flexibound
Drawing on the Right Side of the Brain,Arts,"Unlock the secrets of Art with this definitive guide. Analyzes musical notation, harmony, and the history of composers. Unleash your creativity and express yourself through various mediums.",176,paperback
"Advanced Chemistry, 2nd Edition",Science,"Unlock the secrets of Chemistry with this definitive guide. Covers atomic structure, chemical reactions, and the laws of physics. Develops critical observation and analytical skills required for STEM fields.",128,hardcover
"Introduction to Science, Revised",Science,"Unlock the secrets of Science with this definitive guide. Includes detailed lab experiments, safety protocols, and scientific method exercises. Helps students understand the natural world through empirical evidence.",240,hardcover
The Wealth of Nations,Economics,"Unlock the secrets of Economics with this definitive guide. Explores supply and demand, market structures, and fiscal policy. Essential knowledge for future business leaders and policy makers.",176,flexibound
The Story of Art,Arts,"Unlock the secrets of Art with this definitive guide. Includes practical exercises in drawing, painting, and sculpture. Unleash your creativity and express yourself through various mediums.",208,hardcover
"Study Skills, Revised",Physics,Unlock the secrets of Physics with this definitive guide. Includes varied exercises and review sections. A great resource for comprehensive learning.,224,hardcover
Social Problems,Social Studies,Unlock the secrets of Civics with this definitive guide. Learn about the foundations of modern society and political systems. Develop empathy and understanding for diverse social perspectives.,208,flexibound
General Knowledge,Sociology,Unlock the secrets of Sociology with this definitive guide. Covers essential topics with clarity and depth. Ideal for students and self-learners alike.,176,paperback
Study Skills,Biology,Unlock the secrets of Biology with this definitive guide. Covers essential topics with clarity and depth. Ideal for students and self-learners alike.,240,hardcover
"Introduction to Sociology, 2nd Edition",Social Studies,"Unlock the secrets of Civics with this definitive guide. Analyzes government structures, civic rights, and legal responsibilities. Prepares students for roles in public service, law, and sociology.",128,paperback
"English Grammar in Use, Vol. 1",Language,"Unlock the secrets of German with this definitive guide. Explore the nuances of poetry, prose, and dramatic writing. Achieve fluency and confidence in communication.",128,flexibound
Study Skills,Sociology,Unlock the secrets of Sociology with this definitive guide. Covers essential topics with clarity and depth. Ideal for students and self-learners alike.,240,flexibound
The Story of Art,Arts,"Unlock the secrets of Music with this definitive guide. Includes practical exercises in drawing, painting, and sculpture. Develop a refined aesthetic sense and critical appreciation of art.",224,hardcover
"The Elements of Style, 2nd Edition",Language,"Unlock the secrets of German with this definitive guide. Explore the nuances of poetry, prose, and dramatic writing. Achieve fluency and confidence in communication.",128,flexibound
English Grammar in Use,Language,"Unlock the secrets of German with this definitive guide. Practice dialogue, pronunciation, and listening skills with interactive modules. Deepen your appreciation for literature and cultural storytelling.",192,hardcover
English Grammar in Use,Language,"Unlock the secrets of English with this definitive guide. Explore the nuances of poetry, prose, and dramatic writing. Deepen your appreciation for literature and cultural storytelling.",176,paperback
Study Skills,Physics,Unlock the secrets of Physics with this definitive guide. Covers essential topics with clarity and depth. A great resource for comprehensive learning.,96,hardcover
Introduction to Cartography,Geography,"Unlock the secrets of Geography with this definitive guide. Explores physical landscapes, tectonic activity, and weather patterns. Perfect for students interested in travel, environment, and global politics.",144,flexibound
The History of Jazz,Arts,"Unlock the secrets of Art with this definitive guide. Analyzes musical notation, harmony, and the history of composers. A journey through the beauty of human expression.",208,paperback
Introduction to Logic,Philosophy,Unlock the secrets of Philosophy with this definitive guide. Investigates moral dilemmas and the nature of human consciousness. Essential for developing a structured and logical worldview.,224,flexibound
"Discovering Chemistry, 2nd Edition",Science,"Unlock the secrets of Chemistry with this definitive guide. Explores the complexities of living organisms, ecosystems, and genetic inheritance. A must-have for mastering the fundamentals of the scientific curriculum.",176,flexibound
"Thinking, Fast and Slow, Vol. 1",Psychology,"Unlock the secrets of Psychology with this definitive guide. Covers mental health, therapy techniques, and neurological foundations. A fascinating dive into the science of what makes us tick.",176,hardcover
Medieval Europe,History,"Journey through the annals of History with this comprehensive text. Chronicles the rise and fall of civilizations, wars, and revolutions. Connects historical events to modern-day societal issues.",176,hardcover
Mastering English,Language,"Unlock the secrets of English with this definitive guide. Practice dialogue, pronunciation, and listening skills with interactive modules. Essential for academic writing and professional communication.",96,paperback
Data Science Essentials,Technology,"Unlock the secrets of Computer Science with this definitive guide. Investigates the impact of AI, robotics, and automation on society. Empowers you to create, not just consume, technology.",160,flexibound
"Art History, Revised",Arts,"Unlock the secrets of Art with this definitive guide. Explores color theory, composition, and artistic techniques. Develop a refined aesthetic sense and critical appreciation of art.",224,flexibound
"Creative Writing 101, Revised",Language,"Unlock the secrets of English with this definitive guide. Practice dialogue, pronunciation, and listening skills with interactive modules. Deepen your appreciation for literature and cultural storytelling.",144,hardcover
"Literature: An Introduction, Vol. 1",Language,"Unlock the secrets of German with this definitive guide. Includes comprehensive grammar rules, vocabulary lists, and conjugation tables. Unlock the power of expression through mastering language mechanics.",192,hardcover
Drawing on the Right Side of the Brain,Arts,"Unlock the secrets of Art with this definitive guide. Learn about visual storytelling, cinema, and digital design. Develop a refined aesthetic sense and critical appreciation of art.",176,paperback
"Mastering Science, Revised",Science,"Unlock the secrets of Science with this definitive guide. Covers atomic structure, chemical reactions, and the laws of physics. Helps students understand the natural world through empirical evidence.",160,hardcover
Critical Thinking,Sociology,Unlock the secrets of Sociology with this definitive guide. Includes varied exercises and review sections. Ideal for students and self-learners alike.,160,flexibound
The Elements of Style,Language,"Unlock the secrets of German with this definitive guide. Includes comprehensive grammar rules, vocabulary lists, and conjugation tables. Unlock the power of expression through mastering language mechanics.",144,paperback
"The Man Who Mistook His Wife for a Hat, Vol. 1",Psychology,"Unlock the secrets of Psychology with this definitive guide. Covers mental health, therapy techniques, and neurological foundations. Develops empathy and emotional intelligence.",144,flexibound
Introduction to Statistics,Math,"Master the logic of Mathematics with this essential workbook. Explores mathematical logic, set theory, and function graphing. Builds confidence in tackling difficult numerical challenges.",160,paperback
Calculus: Early Transcendentals,Math,"Master the logic of Mathematics with this essential workbook. Includes varied practice problems ranging from basic arithmetic to complex equations. Unlock the language of the universe with clear, concise explanations.",128,flexibound
"Introduction to Psychology, Vol. 1",Psychology,Unlock the secrets of Psychology with this definitive guide. Investigates famous psychological experiments and their findings. A fascinating dive into the science of what makes us tick.,240,flexibound
Artificial Intelligence,Technology,"Unlock the secrets of Computer Science with this definitive guide. Investigates the impact of AI, robotics, and automation on society. Demystifies complex technical concepts for beginners.",160,hardcover
"Cultural Anthropology, 2nd Edition",Social Studies,"Unlock the secrets of Civics with this definitive guide. Discussion points on ethics, democracy, and community engagement. Prepares students for roles in public service, law, and sociology.",160,paperback
"Critical Thinking, Vol. 1",General,Unlock the secrets of Technology with this definitive guide. Includes varied exercises and review sections. Ideal for students and self-learners alike.,224,flexibound
English Grammar in Use,Language,"Unlock the secrets of Slovenian with this definitive guide. Focuses on sentence structure, essay writing, and rhetorical techniques. Deepen your appreciation for literature and cultural storytelling.",192,paperback
Medieval Europe,History,"Journey through the annals of History with this comprehensive text. Explore primary sources, timelines of major events, and cultural impact analysis. A comprehensive guide for anyone passionate about human history.",224,flexibound
Advanced Chemistry,Science,Unlock the secrets of Chemistry with this definitive guide. Analyze data from real-world scientific studies and experiments. A must-have for mastering the fundamentals of the scientific curriculum.,144,flexibound
"The Elements of Style, Vol. 1",Language,"Unlock the secrets of Slovenian with this definitive guide. Practice dialogue, pronunciation, and listening skills with interactive modules. Deepen your appreciation for literature and cultural storytelling.",144,flexibound
Introduction to Computer Science,Technology,"Unlock the secrets of Computer Science with this definitive guide. Investigates the impact of AI, robotics, and automation on society. Essential skills for the modern workforce and future innovators.",160,paperback
Critical Thinking,Biology,Unlock the secrets of Biology with this definitive guide. Includes varied exercises and review sections. Ideal for students and self-learners alike.,176,flexibound
Linear Algebra Done Right,Math,Master the logic of Mathematics with this essential workbook. Includes varied practice problems ranging from basic arithmetic to complex equations. Builds confidence in tackling difficult numerical challenges.,224,hardcover
"General Knowledge, Vol. 1",General,Unlock the secrets of Technology with this definitive guide. Includes varied exercises and review sections. A great resource for comprehensive learning.,160,flexibound
"The Renaissance, Vol. 1",History,Journey through the annals of History with this comprehensive text. Investigate the cause and effect of global events through the ages. Understand the past to better comprehend the present global landscape.,192,paperback
Linear Algebra Done Right,Math,Master the logic of Mathematics with this essential workbook. Includes varied practice problems ranging from basic arithmetic to complex equations. Essential for success in exams and higher-level mathematics courses.,224,flexibound
Principles of Economics,Economics,"Unlock the secrets of Economics with this definitive guide. Analyzes personal finance, investing, and global trade dynamics. Decipher the complex world of money and markets.",128,hardcover
General Knowledge,Biology,Unlock the secrets of Biology with this definitive guide. Covers essential topics with clarity and depth. A great resource for comprehensive learning.,176,hardcover
"Existentialism, 2nd Edition",Philosophy,Unlock the secrets of Philosophy with this definitive guide. Investigates moral dilemmas and the nature of human consciousness. Essential for developing a structured and logical worldview.,192,paperback
"The Renaissance, 2nd Edition",History,"Journey through the annals of History with this comprehensive text. Chronicles the rise and fall of civilizations, wars, and revolutions. Understand the past to better comprehend the present global landscape.",96,hardcover
Ancient Civilizations,History,"Journey through the annals of History with this comprehensive text. Explore primary sources, timelines of major events, and cultural impact analysis. Connects historical events to modern-day societal issues.",128,hardcover
"Critical Thinking, Vol. 1",Physics,Unlock the secrets of Physics with this definitive guide. Includes varied exercises and review sections. Ideal for students and self-learners alike.,240,hardcover
"Discrete Mathematics, Revised",Math,Master the logic of Mathematics with this essential workbook. Learn to apply mathematical concepts to solve real-world engineering problems. Builds confidence in tackling difficult numerical challenges.,160,hardcover
"The History of Jazz, Revised",Arts,"Unlock the secrets of Art with this definitive guide. Analyzes musical notation, harmony, and the history of composers. Unleash your creativity and express yourself through various mediums.",128,flexibound
Creative Writing 101,Language,Unlock the secrets of Slovenian with this definitive guide. Features classic literature excerpts for reading comprehension and analysis. Deepen your appreciation for literature and cultural storytelling.,240,hardcover
"Advanced Chemistry, 2nd Edition",Science,"Unlock the secrets of Chemistry with this definitive guide. Covers atomic structure, chemical reactions, and the laws of physics. Develops critical observation and analytical skills required for STEM fields.",208,hardcover
"General Knowledge, 2nd Edition",Biology,Unlock the secrets of Biology with this definitive guide. Covers essential topics with clarity and depth. Ideal for students and self-learners alike.,192,hardcover
Web Development for Beginners,Technology,"Unlock the secrets of Computer Science with this definitive guide. Explores computer hardware, networking, and cybersecurity principles. Empowers you to create, not just consume, technology.",96,paperback
"World Regional Geography, Revised",Geography,"Unlock the secrets of Geography with this definitive guide. Detailed maps, climate charts, and demographic data analysis. Master the tools needed to analyze spatial data effectively.",224,hardcover
General Knowledge,Physics,Unlock the secrets of Physics with this definitive guide. Includes varied exercises and review sections. A great resource for comprehensive learning.,192,paperback
Discrete Mathematics,Math,"Master the logic of Mathematics with this essential workbook. Explores mathematical logic, set theory, and function graphing. Essential for success in exams and higher-level mathematics courses.",176,hardcover
Calculus: Early Transcendentals,Math,"Master the logic of Mathematics with this essential workbook. Explores mathematical logic, set theory, and function graphing. Unlock the language of the universe with clear, concise explanations.",176,hardcover
Artificial Intelligence,Technology,Unlock the secrets of Computer Science with this definitive guide. Features hands-on projects in web design and app development. Stay ahead in the rapidly evolving digital world.,240,paperback
"Critical Thinking, 2nd Edition",Biology,Unlock the secrets of Biology with this definitive guide. Covers essential topics with clarity and depth. Ideal for students and self-learners alike.,128,hardcover
Advanced Chemistry,Science,"Unlock the secrets of Chemistry with this definitive guide. Covers atomic structure, chemical reactions, and the laws of physics. Helps students understand the natural world through empirical evidence.",176,flexibound
Web Development for Beginners,Technology,"Unlock the secrets of Computer Science with this definitive guide. Investigates the impact of AI, robotics, and automation on society. Empowers you to create, not just consume, technology.",240,paperback
"Critical Thinking, Revised",Biology,Unlock the secrets of Biology with this definitive guide. Includes varied exercises and review sections. Ideal for students and self-learners alike.,176,paperback
World Regional Geography,Geography,"Unlock the secrets of Geography with this definitive guide. Learn to interpret topographic maps and geographic information systems (GIS). Perfect for students interested in travel, environment, and global politics.",192,flexibound
Creative Writing 101,Language,"Unlock the secrets of Slovenian with this definitive guide. Focuses on sentence structure, essay writing, and rhetorical techniques. Essential for academic writing and professional communication.",208,flexibound
Study Skills,Biology,Unlock the secrets of Biology with this definitive guide. Includes varied exercises and review sections. A great resource for comprehensive learning.,96,paperback
Python Crash Course,Technology,"Unlock the secrets of Computer Science with this definitive guide. Learn the basics of coding, algorithms, and software development. Essential skills for the modern workforce and future innovators.",224,hardcover
Introduction to Sociology,Social Studies,"Unlock the secrets of Civics with this definitive guide. Explores social institutions, cultural norms, and societal dynamics. Critical for navigating the complexities of modern social issues.",176,hardcover
Existentialism,Philosophy,Unlock the secrets of Philosophy with this definitive guide. Learn to construct and deconstruct complex philosophical arguments. Sharpen your critical thinking and argumentative skills.,224,hardcover
"Thinking, Fast and Slow",Psychology,Unlock the secrets of Psychology with this definitive guide. Investigates famous psychological experiments and their findings. Essential for understanding human dynamics in any field.,144,paperback
The World of Science,Science,"Unlock the secrets of Science with this definitive guide. Explores the complexities of living organisms, ecosystems, and genetic inheritance. Helps students understand the natural world through empirical evidence.",128,flexibound
Advanced Chemistry,Science,Unlock the secrets of Chemistry with this definitive guide. Analyze data from real-world scientific studies and experiments. Perfect for budding scientists and future engineers.,176,flexibound
World Regional Geography,Geography,"Unlock the secrets of Geography with this definitive guide. Investigates human population trends, urbanization, and economic geography. Perfect for students interested in travel, environment, and global politics.",128,flexibound
Global Issues,Geography,"Unlock the secrets of Geography with this definitive guide. Explores physical landscapes, tectonic activity, and weather patterns. Perfect for students interested in travel, environment, and global politics.",144,paperback
"Drawing on the Right Side of the Brain, Revised",Arts,"Unlock the secrets of Music with this definitive guide. Learn about visual storytelling, cinema, and digital design. Develop a refined aesthetic sense and critical appreciation of art.",208,hardcover
Study Skills,General,Unlock the secrets of Technology with this definitive guide. Covers essential topics with clarity and depth. A great resource for comprehensive learning.,224,hardcover
"Behavioral Economics, Revised",Economics,Unlock the secrets of Economics with this definitive guide. Learn to interpret economic indicators and statistical data. Essential knowledge for future business leaders and policy makers.,128,flexibound
"Artificial Intelligence, 2nd Edition",Technology,"Unlock the secrets of Computer Science with this definitive guide. Learn the basics of coding, algorithms, and software development. Stay ahead in the rapidly evolving digital world.",160,paperback
Advanced Science,Science,"Unlock the secrets of Science with this definitive guide. Includes detailed lab experiments, safety protocols, and scientific method exercises. Develops critical observation and analytical skills required for STEM fields.",208,hardcover
Mastering English,Language,"Unlock the secrets of English with this definitive guide. Explore the nuances of poetry, prose, and dramatic writing. Essential for academic writing and professional communication.",192,flexibound
"The History of Jazz, Vol. 1",Arts,"Unlock the secrets of Art with this definitive guide. Includes practical exercises in drawing, painting, and sculpture. Perfect for aspiring artists, designers, and musicians.",144,flexibound
Creative Writing 101,Language,"Unlock the secrets of English with this definitive guide. Practice dialogue, pronunciation, and listening skills with interactive modules. Deepen your appreciation for literature and cultural storytelling.",224,paperback
Art History,Arts,"Unlock the secrets of Music with this definitive guide. Analyzes musical notation, harmony, and the history of composers. Unleash your creativity and express yourself through various mediums.",208,hardcover
English Vocabulary Builder,Language,"Unlock the secrets of English with this definitive guide. Includes comprehensive grammar rules, vocabulary lists, and conjugation tables. Deepen your appreciation for literature and cultural storytelling.",160,flexibound
"General Knowledge, 2nd Edition",Biology,Unlock the secrets of Biology with this definitive guide. Includes varied exercises and review sections. Ideal for students and self-learners alike.,144,hardcover
"Creative Writing 101, Vol. 1",Language,"Unlock the secrets of English with this definitive guide. Practice dialogue, pronunciation, and listening skills with interactive modules. Essential for academic writing and professional communication.",128,flexibound
Critical Thinking,Sociology,Unlock the secrets of Sociology with this definitive guide. Includes varied exercises and review sections. A great resource for comprehensive learning.,160,flexibound
The History of Jazz,Arts,"Unlock the secrets of Art with this definitive guide. Analyzes musical notation, harmony, and the history of composers. Unleash your creativity and express yourself through various mediums.",160,hardcover
Critical Thinking,Physics,Unlock the secrets of Physics with this definitive guide. Covers essential topics with clarity and depth. A great resource for comprehensive learning.,208,paperback
"Creative Writing 101, Vol. 1",Language,"Unlock the secrets of English with this definitive guide. Focuses on sentence structure, essay writing, and rhetorical techniques. Unlock the power of expression through mastering language mechanics.",240,paperback
"Geometry for Everyone, Revised",Math,"Master the logic of Mathematics with this essential workbook. Features step-by-step problem solving, proofs, and calculation examples. Unlock the language of the universe with clear, concise explanations.",208,hardcover
Literature: An Introduction,Language,Unlock the secrets of Slovenian with this definitive guide. Features classic literature excerpts for reading comprehension and analysis. Achieve fluency and confidence in communication.,224,flexibound
Understanding Society,Social Studies,"Unlock the secrets of Civics with this definitive guide. Investigates global issues like human rights, poverty, and globalization. Prepares students for roles in public service, law, and sociology.",128,hardcover
The History of Jazz,Arts,"Unlock the secrets of Music with this definitive guide. Explores color theory, composition, and artistic techniques. A journey through the beauty of human expression.",160,flexibound
Creative Writing 101,Language,"Unlock the secrets of German with this definitive guide. Includes comprehensive grammar rules, vocabulary lists, and conjugation tables. Achieve fluency and confidence in communication.",192,paperback
Mastering German,Language,"Unlock the secrets of German with this definitive guide. Includes comprehensive grammar rules, vocabulary lists, and conjugation tables. Deepen your appreciation for literature and cultural storytelling.",160,flexibound
General Knowledge,Physics,Unlock the secrets of Physics with this definitive guide. Covers essential topics with clarity and depth. Ideal for students and self-learners alike.,224,hardcover
Study Skills,Physics,Unlock the secrets of Physics with this definitive guide. Includes varied exercises and review sections. Ideal for students and self-learners alike.,128,hardcover
Critical Thinking,General,Unlock the secrets of Technology with this definitive guide. Covers essential topics with clarity and depth. A great resource for comprehensive learning.,224,hardcover
English Vocabulary Builder,Language,Unlock the secrets of English with this definitive guide. Features classic literature excerpts for reading comprehension and analysis. Deepen your appreciation for literature and cultural storytelling.,208,flexibound
The Renaissance,History,"Journey through the annals of History with this comprehensive text. Examines the social, political, and economic drivers of historical change. Understand the past to better comprehend the present global landscape.",144,paperback
Artificial Intelligence,Technology,Unlock the secrets of Computer Science with this definitive guide. Features hands-on projects in web design and app development. Essential skills for the modern workforce and future innovators.,144,flexibound
"Study Skills, Vol. 1",Physics,Unlock the secrets of Physics with this definitive guide. Covers essential topics with clarity and depth. A great resource for comprehensive learning.,96,hardcover
"Introduction to Statistics, Vol. 1",Math,"Master the logic of Mathematics with this essential workbook. Covers algebra, geometry, calculus, and statistical analysis in depth. Sharpen your logical reasoning and quantitative analysis skills.",224,paperback
"Music Theory 101, 2nd Edition",Arts,"Unlock the secrets of Music with this definitive guide. Includes practical exercises in drawing, painting, and sculpture. Unleash your creativity and express yourself through various mediums.",144,flexibound
Mastering English,Language,"Unlock the secrets of English with this definitive guide. Focuses on sentence structure, essay writing, and rhetorical techniques. Unlock the power of expression through mastering language mechanics.",224,paperback
"Principles of Chemistry, Revised",Science,Unlock the secrets of Chemistry with this definitive guide. Features diagrams of molecular structures and physical forces in action. Develops critical observation and analytical skills required for STEM fields.,240,hardcover
Critique of Pure Reason,Philosophy,Unlock the secrets of Philosophy with this definitive guide. Learn to construct and deconstruct complex philosophical arguments. Challenge your assumptions and expand your intellectual horizons.,128,paperback
The Story of Art,Arts,"Unlock the secrets of Art with this definitive guide. Explores color theory, composition, and artistic techniques. A journey through the beauty of human expression.",160,flexibound
Linear Algebra Done Right,Math,"Master the logic of Mathematics with this essential workbook. Learn to apply mathematical concepts to solve real-world engineering problems. Unlock the language of the universe with clear, concise explanations.",208,paperback
"Introduction to Statistics, Vol. 1",Math,"Master the logic of Mathematics with this essential workbook. Features step-by-step problem solving, proofs, and calculation examples. Sharpen your logical reasoning and quantitative analysis skills.",160,flexibound
"The Renaissance, Vol. 1",History,Journey through the annals of History with this comprehensive text. Investigate the cause and effect of global events through the ages. A comprehensive guide for anyone passionate about human history.,192,hardcover
English Grammar in Use,Language,"Unlock the secrets of German with this definitive guide. Includes comprehensive grammar rules, vocabulary lists, and conjugation tables. Achieve fluency and confidence in communication.",128,flexibound
"The Renaissance, Revised",History,Journey through the annals of History with this comprehensive text. Features biographies of key historical figures and their lasting legacies. Understand the past to better comprehend the present global landscape.,96,flexibound
"Introduction to Chemistry, 2nd Edition",Science,Unlock the secrets of Chemistry with this definitive guide. Features diagrams of molecular structures and physical forces in action. Helps students understand the natural world through empirical evidence.,224,hardcover
"Advanced Chemistry, 2nd Edition",Science,Unlock the secrets of Chemistry with this definitive guide. Features diagrams of molecular structures and physical forces in action. Helps students understand the natural world through empirical evidence.,224,paperback
Music Theory 101,Arts,"Unlock the secrets of Art with this definitive guide. Includes practical exercises in drawing, painting, and sculpture. A journey through the beauty of human expression.",128,flexibound
"Thinking, Fast and Slow, Revised",Psychology,"Unlock the secrets of Psychology with this definitive guide. Covers mental health, therapy techniques, and neurological foundations. Gain insight into your own mind and the behavior of others.",144,hardcover
"The Man Who Mistook His Wife for a Hat, Revised",Psychology,Unlock the secrets of Psychology with this definitive guide. Learn about the scientific methods used to study the human mind. Gain insight into your own mind and the behavior of others.,144,paperback
Modern World History,History,"Journey through the annals of History with this comprehensive text. Examines the social, political, and economic drivers of historical change. Connects historical events to modern-day societal issues.",192,flexibound
"Literature: An Introduction, 2nd Edition",Language,"Unlock the secrets of English with this definitive guide. Focuses on sentence structure, essay writing, and rhetorical techniques. Essential for academic writing and professional communication.",240,hardcover
The World of Chemistry,Science,Unlock the secrets of Chemistry with this definitive guide. Features diagrams of molecular structures and physical forces in action. Perfect for budding scientists and future engineers.,240,hardcover
"Study Skills, Vol. 1",Biology,Unlock the secrets of Biology with this definitive guide. Covers essential topics with clarity and depth. A great resource for comprehensive learning.,128,hardcover
Beyond Good and Evil,Philosophy,"Unlock the secrets of Philosophy with this definitive guide. Examines the fundamental questions of existence, knowledge, and ethics. Essential for developing a structured and logical worldview.",144,paperback
Music Theory 101,Arts,"Unlock the secrets of Art with this definitive guide. Explores color theory, composition, and artistic techniques. Develop a refined aesthetic sense and critical appreciation of art.",192,flexibound
Critique of Pure Reason,Philosophy,Unlock the secrets of Philosophy with this definitive guide. Investigates moral dilemmas and the nature of human consciousness. Sharpen your critical thinking and argumentative skills.,160,paperback
Abnormal Psychology,Psychology,Unlock the secrets of Psychology with this definitive guide. Investigates famous psychological experiments and their findings. Develops empathy and emotional intelligence.,208,flexibound
"English Grammar in Use, 2nd Edition",Language,Unlock the secrets of English with this definitive guide. Features classic literature excerpts for reading comprehension and analysis. Unlock the power of expression through mastering language mechanics.,208,paperback
Web Development for Beginners,Technology,"Unlock the secrets of Computer Science with this definitive guide. Learn the basics of coding, algorithms, and software development. Demystifies complex technical concepts for beginners.",176,flexibound
Web Development for Beginners,Technology,Unlock the secrets of Computer Science with this definitive guide. Master digital literacy tools and data management techniques. Stay ahead in the rapidly evolving digital world.,240,hardcover
Introduction to Cartography,Geography,"Unlock the secrets of Geography with this definitive guide. Detailed maps, climate charts, and demographic data analysis. Master the tools needed to analyze spatial data effectively.",144,paperback
Music Theory 101,Arts,"Unlock the secrets of Art with this definitive guide. Learn about visual storytelling, cinema, and digital design. Develop a refined aesthetic sense and critical appreciation of art.",176,paperback
General Knowledge,General,Unlock the secrets of Technology with this definitive guide. Includes varied exercises and review sections. Ideal for students and self-learners alike.,96,flexibound
Existentialism,Philosophy,Unlock the secrets of Philosophy with this definitive guide. Learn to construct and deconstruct complex philosophical arguments. Essential for developing a structured and logical worldview.,224,hardcover
Study Skills,Sociology,Unlock the secrets of Sociology with this definitive guide. Covers essential topics with clarity and depth. Ideal for students and self-learners alike.,160,hardcover
The Elements of Style,Language,"Unlock the secrets of German with this definitive guide. Focuses on sentence structure, essay writing, and rhetorical techniques. Achieve fluency and confidence in communication.",160,flexibound
Critical Thinking,Biology,Unlock the secrets of Biology with this definitive guide. Covers essential topics with clarity and depth. A great resource for comprehensive learning.,224,paperback
"Human Geography, 2nd Edition",Geography,Unlock the secrets of Geography with this definitive guide. Features case studies on environmental issues and global sustainability. Crucial for understanding the complex relationship between humans and the earth.,176,flexibound
"The Elements of Style, Revised",Language,"Unlock the secrets of German with this definitive guide. Practice dialogue, pronunciation, and listening skills with interactive modules. Deepen your appreciation for literature and cultural storytelling.",160,flexibound
Study Skills,Physics,Unlock the secrets of Physics with this definitive guide. Covers essential topics with clarity and depth. Ideal for students and self-learners alike.,176,flexibound
General Knowledge,Biology,Unlock the secrets of Biology with this definitive guide. Includes varied exercises and review sections. Ideal for students and self-learners alike.,160,hardcover
"World Regional Geography, Vol. 1",Geography,"Unlock the secrets of Geography with this definitive guide. Learn to interpret topographic maps and geographic information systems (GIS). Perfect for students interested in travel, environment, and global politics.",208,paperback
Critical Thinking,Sociology,Unlock the secrets of Sociology with this definitive guide. Covers essential topics with clarity and depth. Ideal for students and self-learners alike.,224,flexibound
Critical Thinking,Biology,Unlock the secrets of Biology with this definitive guide. Includes varied exercises and review sections. A great resource for comprehensive learning.,96,paperback
Introduction to Statistics,Math,Master the logic of Mathematics with this essential workbook. Learn to apply mathematical concepts to solve real-world engineering problems. Essential for success in exams and higher-level mathematics courses.,160,flexibound
"Study Skills, Vol. 1",Sociology,Unlock the secrets of Sociology with this definitive guide. Includes varied exercises and review sections. Ideal for students and self-learners alike.,128,flexibound
"Behavioral Economics, Vol. 1",Economics,"Unlock the secrets of Economics with this definitive guide. Analyzes personal finance, investing, and global trade dynamics. Make informed financial decisions in your personal and professional life.",224,hardcover
Advanced Science,Science,"Unlock the secrets of Science with this definitive guide. Covers atomic structure, chemical reactions, and the laws of physics. A must-have for mastering the fundamentals of the scientific curriculum.",96,paperback
The Wealth of Nations,Economics,"Unlock the secrets of Economics with this definitive guide. Explores supply and demand, market structures, and fiscal policy. Understand the forces that drive the global economy.",160,hardcover
"Human Geography, Revised",Geography,"Unlock the secrets of Geography with this definitive guide. Learn to interpret topographic maps and geographic information systems (GIS). Perfect for students interested in travel, environment, and global politics.",128,hardcover
Critical Thinking,Biology,Unlock the secrets of Biology with this definitive guide. Includes varied exercises and review sections. A great resource for comprehensive learning.,176,paperback
Critical Thinking,Sociology,Unlock the secrets of Sociology with this definitive guide. Includes varied exercises and review sections. A great resource for comprehensive learning.,160,paperback
"Abnormal Psychology, Vol. 1",Psychology,"Unlock the secrets of Psychology with this definitive guide. Explores cognitive processes, human behavior, and emotional development. Gain insight into your own mind and the behavior of others.",208,paperback
"The Power of Place, Revised",Geography,"Unlock the secrets of Geography with this definitive guide. Explores physical landscapes, tectonic activity, and weather patterns. Master the tools needed to analyze spatial data effectively.",240,flexibound
"Physical Geography, Vol. 1",Geography,"Unlock the secrets of Geography with this definitive guide. Detailed maps, climate charts, and demographic data analysis. Crucial for understanding the complex relationship between humans and the earth.",176,paperback
Mastering English,Language,Unlock the secrets of English with this definitive guide. Features classic literature excerpts for reading comprehension and analysis. Unlock the power of expression through mastering language mechanics.,144,hardcover
General Knowledge,Sociology,Unlock the secrets of Sociology with this definitive guide. Includes varied exercises and review sections. Ideal for students and self-learners alike.,240,paperback
Study Skills,Physics,Unlock the secrets of Physics with this definitive guide. Covers essential topics with clarity and depth. Ideal for students and self-learners alike.,240,paperback
"Study Skills, 2nd Edition",Physics,Unlock the secrets of Physics with this definitive guide. Covers essential topics with clarity and depth. Ideal for students and self-learners alike.,176,paperback
Introduction to Science,Science,"Unlock the secrets of Science with this definitive guide. Includes detailed lab experiments, safety protocols, and scientific method exercises. Develops critical observation and analytical skills required for STEM fields.",176,flexibound
"Literature: An Introduction, Vol. 1",Language,"Unlock the secrets of English with this definitive guide. Practice dialogue, pronunciation, and listening skills with interactive modules. Achieve fluency and confidence in communication.",208,paperback
Advanced Chemistry,Science,Unlock the secrets of Chemistry with this definitive guide. Features diagrams of molecular structures and physical forces in action. A must-have for mastering the fundamentals of the scientific curriculum.,240,hardcover
Artificial Intelligence,Technology,"Unlock the secrets of Computer Science with this definitive guide. Master digital literacy tools and data management techniques. Empowers you to create, not just consume, technology.",224,flexibound
"General Knowledge, Vol. 1",Physics,Unlock the secrets of Physics with this definitive guide. Covers essential topics with clarity and depth. Ideal for students and self-learners alike.,160,flexibound
"Principles of Science, Revised",Science,Unlock the secrets of Science with this definitive guide. Features diagrams of molecular structures and physical forces in action. Develops critical observation and analytical skills required for STEM fields.,128,hardcover
"Introduction to Science, 2nd Edition",Science,"Unlock the secrets of Science with this definitive guide. Covers atomic structure, chemical reactions, and the laws of physics. A must-have for mastering the fundamentals of the scientific curriculum.",240,flexibound
Introduction to Psychology,Psychology,Unlock the secrets of Psychology with this definitive guide. Learn about the scientific methods used to study the human mind. A fascinating dive into the science of what makes us tick.,224,paperback
Literature: An Introduction,Language,"Unlock the secrets of English with this definitive guide. Focuses on sentence structure, essay writing, and rhetorical techniques. Unlock the power of expression through mastering language mechanics.",144,flexibound
"The Wealth of Nations, Vol. 1",Economics,Unlock the secrets of Economics with this definitive guide. Investigates the history of economic thought and modern financial systems. Essential knowledge for future business leaders and policy makers.,224,flexibound
Study Skills,Sociology,Unlock the secrets of Sociology with this definitive guide. Covers essential topics with clarity and depth. A great resource for comprehensive learning.,96,paperback
"Cognitive Psychology, Vol. 1",Psychology,"Unlock the secrets of Psychology with this definitive guide. Analyzes social interactions, personality types, and motivation. A fascinating dive into the science of what makes us tick.",96,hardcover
Literature: An Introduction,Language,"Unlock the secrets of English with this definitive guide. Practice dialogue, pronunciation, and listening skills with interactive modules. Deepen your appreciation for literature and cultural storytelling.",96,hardcover
Microeconomics,Economics,Unlock the secrets of Economics with this definitive guide. Investigates the history of economic thought and modern financial systems. Decipher the complex world of money and markets.,208,hardcover
Introduction to Chemistry,Science,"Unlock the secrets of Chemistry with this definitive guide. Covers atomic structure, chemical reactions, and the laws of physics. Perfect for budding scientists and future engineers.",208,flexibound
The History of Jazz,Arts,"Unlock the secrets of Art with this definitive guide. Analyzes musical notation, harmony, and the history of composers. Perfect for aspiring artists, designers, and musicians.",176,flexibound
General Knowledge,General,Unlock the secrets of Technology with this definitive guide. Covers essential topics with clarity and depth. A great resource for comprehensive learning.,240,paperback
The History of Jazz,Arts,"Unlock the secrets of Music with this definitive guide. Includes practical exercises in drawing, painting, and sculpture. Develop a refined aesthetic sense and critical appreciation of art.",96,flexibound
Calculus: Early Transcendentals,Math,"Master the logic of Mathematics with this essential workbook. Covers algebra, geometry, calculus, and statistical analysis in depth. Builds confidence in tackling difficult numerical challenges.",144,paperback
Mastering German,Language,"Unlock the secrets of German with this definitive guide. Focuses on sentence structure, essay writing, and rhetorical techniques. Deepen your appreciation for literature and cultural storytelling.",128,paperback
Mastering Slovenian,Language,"Unlock the secrets of Slovenian with this definitive guide. Explore the nuances of poetry, prose, and dramatic writing. Unlock the power of expression through mastering language mechanics.",224,hardcover
"The History of Jazz, 2nd Edition",Arts,"Unlock the secrets of Art with this definitive guide. Explores color theory, composition, and artistic techniques. Perfect for aspiring artists, designers, and musicians.",144,paperback
General Knowledge,General,Unlock the secrets of Technology with this definitive guide. Covers essential topics with clarity and depth. A great resource for comprehensive learning.,96,flexibound
Physical Geography,Geography,Unlock the secrets of Geography with this definitive guide. Learn to interpret topographic maps and geographic information systems (GIS). Master the tools needed to analyze spatial data effectively.,224,flexibound
Meditations,Philosophy,"Unlock the secrets of Philosophy with this definitive guide. Explores the works of Plato, Aristotle, Kant, and modern thinkers. Sharpen your critical thinking and argumentative skills.",128,paperback
"Study Skills, Vol. 1",Sociology,Unlock the secrets of Sociology with this definitive guide. Covers essential topics with clarity and depth. A great resource for comprehensive learning.,224,hardcover
"General Knowledge, 2nd Edition",General,Unlock the secrets of Technology with this definitive guide. Covers essential topics with clarity and depth. Ideal for students and self-learners alike.,176,paperback
Critique of Pure Reason,Philosophy,"Unlock the secrets of Philosophy with this definitive guide. Explores the works of Plato, Aristotle, Kant, and modern thinkers. Essential for developing a structured and logical worldview.",128,paperback
"Cultural Anthropology, Vol. 1",Social Studies,"Unlock the secrets of Civics with this definitive guide. Investigates global issues like human rights, poverty, and globalization. Develop empathy and understanding for diverse social perspectives.",192,paperback
The History of Jazz,Arts,"Unlock the secrets of Music with this definitive guide. Explores color theory, composition, and artistic techniques. Unleash your creativity and express yourself through various mediums.",144,flexibound
"Cognitive Psychology, Revised",Psychology,"Unlock the secrets of Psychology with this definitive guide. Covers mental health, therapy techniques, and neurological foundations. A fascinating dive into the science of what makes us tick.",144,paperback
"Social Problems, 2nd Edition",Social Studies,Unlock the secrets of Civics with this definitive guide. Learn about the foundations of modern society and political systems. Become an informed and active citizen in a democratic society.,224,flexibound
The Rise and Fall of Empires,History,"Journey through the annals of History with this comprehensive text. Examines the social, political, and economic drivers of historical change. A comprehensive guide for anyone passionate about human history.",192,paperback
Study Skills,Physics,Unlock the secrets of Physics with this definitive guide. Includes varied exercises and review sections. Ideal for students and self-learners alike.,224,flexibound
"Creative Writing 101, Revised",Language,"Unlock the secrets of English with this definitive guide. Includes comprehensive grammar rules, vocabulary lists, and conjugation tables. Achieve fluency and confidence in communication.",144,flexibound
"Study Skills, Revised",General,Unlock the secrets of Technology with this definitive guide. Includes varied exercises and review sections. A great resource for comprehensive learning.,208,hardcover
Human Geography,Geography,Unlock the secrets of Geography with this definitive guide. Learn to interpret topographic maps and geographic information systems (GIS). Gain a global perspective on cultural and environmental diversity.,128,paperback
Literature: An Introduction,Language,"Unlock the secrets of German with this definitive guide. Includes comprehensive grammar rules, vocabulary lists, and conjugation tables. Achieve fluency and confidence in communication.",176,flexibound
"General Knowledge, 2nd Edition",Sociology,Unlock the secrets of Sociology with this definitive guide. Covers essential topics with clarity and depth. Ideal for students and self-learners alike.,240,paperback
Principles of Economics,Economics,Unlock the secrets of Economics with this definitive guide. Investigates the history of economic thought and modern financial systems. Make informed financial decisions in your personal and professional life.,192,hardcover
English Vocabulary Builder,Language,"Unlock the secrets of English with this definitive guide. Explore the nuances of poetry, prose, and dramatic writing. Deepen your appreciation for literature and cultural storytelling.",240,hardcover
Literature: An Introduction,Language,"Unlock the secrets of German with this definitive guide. Focuses on sentence structure, essay writing, and rhetorical techniques. Achieve fluency and confidence in communication.",96,paperback
Principles of Science,Science,"Unlock the secrets of Science with this definitive guide. Includes detailed lab experiments, safety protocols, and scientific method exercises. A must-have for mastering the fundamentals of the scientific curriculum.",192,paperback
"Slovenian Vocabulary Builder, Revised",Language,"Unlock the secrets of Slovenian with this definitive guide. Focuses on sentence structure, essay writing, and rhetorical techniques. Deepen your appreciation for literature and cultural storytelling.",208,flexibound
"Chemistry Explained, Revised",Science,Unlock the secrets of Chemistry with this definitive guide. Analyze data from real-world scientific studies and experiments. Develops critical observation and analytical skills required for STEM fields.,128,flexibound
Cognitive Psychology,Psychology,"Unlock the secrets of Psychology with this definitive guide. Explores cognitive processes, human behavior, and emotional development. Essential for understanding human dynamics in any field.",176,hardcover
English Grammar in Use,Language,"Unlock the secrets of Slovenian with this definitive guide. Practice dialogue, pronunciation, and listening skills with interactive modules. Unlock the power of expression through mastering language mechanics.",192,flexibound
Study Skills,Physics,Unlock the secrets of Physics with this definitive guide. Includes varied exercises and review sections. Ideal for students and self-learners alike.,224,flexibound
"Principles of Economics, Revised",Economics,"Unlock the secrets of Economics with this definitive guide. Explores supply and demand, market structures, and fiscal policy. Make informed financial decisions in your personal and professional life.",176,hardcover
"Introduction to Logic, Revised",Philosophy,Unlock the secrets of Philosophy with this definitive guide. Learn to construct and deconstruct complex philosophical arguments. Explore the deepest questions of human life and society.,160,paperback
"The World of Science, Vol. 1",Science,"Unlock the secrets of Science with this definitive guide. Includes detailed lab experiments, safety protocols, and scientific method exercises. Perfect for budding scientists and future engineers.",208,flexibound
The Man Who Mistook His Wife for a Hat,Psychology,Unlock the secrets of Psychology with this definitive guide. Learn about the scientific methods used to study the human mind. Essential for understanding human dynamics in any field.,208,flexibound
Principles of Economics,Economics,Unlock the secrets of Economics with this definitive guide. Investigates the history of economic thought and modern financial systems. Decipher the complex world of money and markets.,160,flexibound
"Study Skills, 2nd Edition",Physics,Unlock the secrets of Physics with this definitive guide. Covers essential topics with clarity and depth. A great resource for comprehensive learning.,160,flexibound
Critical Thinking,Sociology,Unlock the secrets of Sociology with this definitive guide. Includes varied exercises and review sections. Ideal for students and self-learners alike.,160,paperback
Meditations,Philosophy,"Unlock the secrets of Philosophy with this definitive guide. Explores the works of Plato, Aristotle, Kant, and modern thinkers. Explore the deepest questions of human life and society.",144,flexibound
Creative Writing 101,Language,"Unlock the secrets of English with this definitive guide. Focuses on sentence structure, essay writing, and rhetorical techniques. Achieve fluency and confidence in communication.",144,flexibound
Macroeconomics,Economics,Unlock the secrets of Economics with this definitive guide. Learn to interpret economic indicators and statistical data. Make informed financial decisions in your personal and professional life.,96,paperback
Drawing on the Right Side of the Brain,Arts,Unlock the secrets of Art with this definitive guide. Features history of art movements from the Renaissance to Modernism. Unleash your creativity and express yourself through various mediums.,224,paperback
"General Knowledge, Vol. 1",Sociology,Unlock the secrets of Sociology with this definitive guide. Includes varied exercises and review sections. Ideal for students and self-learners alike.,176,flexibound
English Grammar in Use,Language,"Unlock the secrets of German with this definitive guide. Focuses on sentence structure, essay writing, and rhetorical techniques. Achieve fluency and confidence in communication.",240,hardcover
Macroeconomics,Economics,Unlock the secrets of Economics with this definitive guide. Learn to interpret economic indicators and statistical data. Essential knowledge for future business leaders and policy makers.,128,paperback
Ancient Civilizations,History,Journey through the annals of History with this comprehensive text. Investigate the cause and effect of global events through the ages. Understand the past to better comprehend the present global landscape.,96,paperback
Critique of Pure Reason,Philosophy,"Unlock the secrets of Philosophy with this definitive guide. Explores the works of Plato, Aristotle, Kant, and modern thinkers. Sharpen your critical thinking and argumentative skills.",96,hardcover
Introduction to Statistics,Math,"Master the logic of Mathematics with this essential workbook. Includes varied practice problems ranging from basic arithmetic to complex equations. Unlock the language of the universe with clear, concise explanations.",224,paperback
Mastering English,Language,"Unlock the secrets of English with this definitive guide. Includes comprehensive grammar rules, vocabulary lists, and conjugation tables. Deepen your appreciation for literature and cultural storytelling.",160,hardcover
Drawing on the Right Side of the Brain,Arts,"Unlock the secrets of Art with this definitive guide. Learn about visual storytelling, cinema, and digital design. Develop a refined aesthetic sense and critical appreciation of art.",160,hardcover
Discovering Science,Science,"Unlock the secrets of Science with this definitive guide. Explores the complexities of living organisms, ecosystems, and genetic inheritance. A must-have for mastering the fundamentals of the scientific curriculum.",144,flexibound
"Critical Thinking, 2nd Edition",Sociology,Unlock the secrets of Sociology with this definitive guide. Covers essential topics with clarity and depth. A great resource for comprehensive learning.,224,paperback
"American Government, Vol. 1",Social Studies,"Unlock the secrets of Civics with this definitive guide. Analyzes government structures, civic rights, and legal responsibilities. Prepares students for roles in public service, law, and sociology.",192,paperback
Literature: An Introduction,Language,"Unlock the secrets of Slovenian with this definitive guide. Practice dialogue, pronunciation, and listening skills with interactive modules. Unlock the power of expression through mastering language mechanics.",96,flexibound
Linear Algebra Done Right,Math,"Master the logic of Mathematics with this essential workbook. Features step-by-step problem solving, proofs, and calculation examples. Builds confidence in tackling difficult numerical challenges.",208,paperback
Mastering Chemistry,Science,"Unlock the secrets of Chemistry with this definitive guide. Covers atomic structure, chemical reactions, and the laws of physics. Helps students understand the natural world through empirical evidence.",128,flexibound
The Story of Art,Arts,Unlock the secrets of Music with this definitive guide. Features history of art movements from the Renaissance to Modernism. Unleash your creativity and express yourself through various mediums.,176,hardcover
The History of Jazz,Arts,"Unlock the secrets of Music with this definitive guide. Analyzes musical notation, harmony, and the history of composers. A journey through the beauty of human expression.",144,flexibound
The Republic,Philosophy,Unlock the secrets of Philosophy with this definitive guide. Learn to construct and deconstruct complex philosophical arguments. Challenge your assumptions and expand your intellectual horizons.,96,hardcover
"General Knowledge, 2nd Edition",Physics,Unlock the secrets of Physics with this definitive guide. Covers essential topics with clarity and depth. A great resource for comprehensive learning.,176,hardcover
"Thinking, Fast and Slow, Vol. 1",Psychology,"Unlock the secrets of Psychology with this definitive guide. Explores cognitive processes, human behavior, and emotional development. A fascinating dive into the science of what makes us tick.",224,flexibound
"Critical Thinking, Vol. 1",General,Unlock the secrets of Technology with this definitive guide. Covers essential topics with clarity and depth. Ideal for students and self-learners alike.,96,paperback
"Ancient Civilizations, Vol. 1",History,Journey through the annals of History with this comprehensive text. Investigate the cause and effect of global events through the ages. A comprehensive guide for anyone passionate about human history.,240,hardcover
Advanced Chemistry,Science,Unlock the secrets of Chemistry with this definitive guide. Analyze data from real-world scientific studies and experiments. Develops critical observation and analytical skills required for STEM fields.,192,paperback
Study Skills,Sociology,Unlock the secrets of Sociology with this definitive guide. Includes varied exercises and review sections. Ideal for students and self-learners alike.,144,hardcover
Critical Thinking,Sociology,Unlock the secrets of Sociology with this definitive guide. Covers essential topics with clarity and depth. A great resource for comprehensive learning.,160,paperback
Critical Thinking,Physics,Unlock the secrets of Physics with this definitive guide. Covers essential topics with clarity and depth. A great resource for comprehensive learning.,192,paperback
Existentialism,Philosophy,Unlock the secrets of Philosophy with this definitive guide. Learn to construct and deconstruct complex philosophical arguments. Explore the deepest questions of human life and society.,128,paperback
"Critical Thinking, 2nd Edition",Biology,Unlock the secrets of Biology with this definitive guide. Covers essential topics with clarity and depth. Ideal for students and self-learners alike.,128,paperback
"Study Skills, 2nd Edition",Sociology,Unlock the secrets of Sociology with this definitive guide. Covers essential topics with clarity and depth. Ideal for students and self-learners alike.,96,paperback
"English Vocabulary Builder, Vol. 1",Language,"Unlock the secrets of English with this definitive guide. Explore the nuances of poetry, prose, and dramatic writing. Essential for academic writing and professional communication.",224,hardcover
Literature: An Introduction,Language,Unlock the secrets of Slovenian with this definitive guide. Features classic literature excerpts for reading comprehension and analysis. Achieve fluency and confidence in communication.,176,hardcover
Introduction to Computer Science,Technology,Unlock the secrets of Computer Science with this definitive guide. Features hands-on projects in web design and app development. Demystifies complex technical concepts for beginners.,176,flexibound
Critical Thinking,Biology,Unlock the secrets of Biology with this definitive guide. Covers essential topics with clarity and depth. A great resource for comprehensive learning.,160,paperback
Critique of Pure Reason,Philosophy,"Unlock the secrets of Philosophy with this definitive guide. Examines the fundamental questions of existence, knowledge, and ethics. Essential for developing a structured and logical worldview.",192,paperback
Music Theory 101,Arts,"Unlock the secrets of Art with this definitive guide. Explores color theory, composition, and artistic techniques. Unleash your creativity and express yourself through various mediums.",160,paperback
Study Skills,Physics,Unlock the secrets of Physics with this definitive guide. Includes varied exercises and review sections. Ideal for students and self-learners alike.,192,flexibound
Study Skills,Sociology,Unlock the secrets of Sociology with this definitive guide. Covers essential topics with clarity and depth. Ideal for students and self-learners alike.,208,flexibound
General Knowledge,Biology,Unlock the secrets of Biology with this definitive guide. Includes varied exercises and review sections. Ideal for students and self-learners alike.,224,hardcover
Mastering Chemistry,Science,"Unlock the secrets of Chemistry with this definitive guide. Explores the complexities of living organisms, ecosystems, and genetic inheritance. Develops critical observation and analytical skills required for STEM fields.",144,paperback
Art History,Arts,"Unlock the secrets of Music with this definitive guide. Learn about visual storytelling, cinema, and digital design. Unleash your creativity and express yourself through various mediums.",144,flexibound
"Cultural Anthropology, 2nd Edition",Social Studies,"Unlock the secrets of Civics with this definitive guide. Investigates global issues like human rights, poverty, and globalization. Critical for navigating the complexities of modern social issues.",208,paperback
General Knowledge,Sociology,Unlock the secrets of Sociology with this definitive guide. Covers essential topics with clarity and depth. A great resource for comprehensive learning.,176,flexibound
"Cognitive Psychology, 2nd Edition",Psychology,"Unlock the secrets of Psychology with this definitive guide. Explores cognitive processes, human behavior, and emotional development. Gain insight into your own mind and the behavior of others.",128,hardcover
General Knowledge,Sociology,Unlock the secrets of Sociology with this definitive guide. Covers essential topics with clarity and depth. Ideal for students and self-learners alike.,192,paperback
The Art of Problem Solving,Math,"Master the logic of Mathematics with this essential workbook. Explores mathematical logic, set theory, and function graphing. Unlock the language of the universe with clear, concise explanations.",96,hardcover
"The Elements of Style, 2nd Edition",Language,"Unlock the secrets of Slovenian with this definitive guide. Practice dialogue, pronunciation, and listening skills with interactive modules. Achieve fluency and confidence in communication.",160,paperback
"Thinking, Fast and Slow",Psychology,"Unlock the secrets of Psychology with this definitive guide. Covers mental health, therapy techniques, and neurological foundations. A fascinating dive into the science of what makes us tick.",176,flexibound
Introduction to Chemistry,Science,Unlock the secrets of Chemistry with this definitive guide. Features diagrams of molecular structures and physical forces in action. A must-have for mastering the fundamentals of the scientific curriculum.,192,flexibound
Slovenian Vocabulary Builder,Language,"Unlock the secrets of Slovenian with this definitive guide. Focuses on sentence structure, essay writing, and rhetorical techniques. Essential for academic writing and professional communication.",192,hardcover
English Grammar in Use,Language,"Unlock the secrets of Slovenian with this definitive guide. Explore the nuances of poetry, prose, and dramatic writing. Deepen your appreciation for literature and cultural storytelling.",208,hardcover
"Literature: An Introduction, Vol. 1",Language,"Unlock the secrets of German with this definitive guide. Includes comprehensive grammar rules, vocabulary lists, and conjugation tables. Deepen your appreciation for literature and cultural storytelling.",128,flexibound
"Thinking, Fast and Slow",Psychology,"Unlock the secrets of Psychology with this definitive guide. Covers mental health, therapy techniques, and neurological foundations. Develops empathy and emotional intelligence.",144,paperback
Drawing on the Right Side of the Brain,Arts,"Unlock the secrets of Music with this definitive guide. Explores color theory, composition, and artistic techniques. Perfect for aspiring artists, designers, and musicians.",96,paperback
Art History,Arts,"Unlock the secrets of Music with this definitive guide. Learn about visual storytelling, cinema, and digital design. Develop a refined aesthetic sense and critical appreciation of art.",208,flexibound
Freakonomics,Economics,Unlock the secrets of Economics with this definitive guide. Investigates the history of economic thought and modern financial systems. Decipher the complex world of money and markets.,192,paperback
Critical Thinking,Biology,Unlock the secrets of Biology with this definitive guide. Covers essential topics with clarity and depth. A great resource for comprehensive learning.,224,flexibound
"Advanced Chemistry, 2nd Edition",Science,"Unlock the secrets of Chemistry with this definitive guide. Explores the complexities of living organisms, ecosystems, and genetic inheritance. Helps students understand the natural world through empirical evidence.",160,flexibound
The History of Jazz,Arts,"Unlock the secrets of Art with this definitive guide. Analyzes musical notation, harmony, and the history of composers. Develop a refined aesthetic sense and critical appreciation of art.",176,hardcover
"Modern World History, Revised",History,"Journey through the annals of History with this comprehensive text. Features biographies of key historical figures and their lasting legacies. Develops strong research, argumentation, and critical reading skills.",192,flexibound
The Story of Art,Arts,"Unlock the secrets of Music with this definitive guide. Explores color theory, composition, and artistic techniques. A journey through the beauty of human expression.",192,paperback
Introduction to Science,Science,"Unlock the secrets of Science with this definitive guide. Covers atomic structure, chemical reactions, and the laws of physics. A must-have for mastering the fundamentals of the scientific curriculum.",192,flexibound
General Knowledge,General,Unlock the secrets of Technology with this definitive guide. Includes varied exercises and review sections. Ideal for students and self-learners alike.,160,hardcover
Art History,Arts,"Unlock the secrets of Music with this definitive guide. Analyzes musical notation, harmony, and the history of composers. Unleash your creativity and express yourself through various mediums.",224,paperback
"Color Theory, 2nd Edition",Arts,"Unlock the secrets of Art with this definitive guide. Includes practical exercises in drawing, painting, and sculpture. Perfect for aspiring artists, designers, and musicians.",240,hardcover
"The Republic, Revised",Philosophy,Unlock the secrets of Philosophy with this definitive guide. Learn to construct and deconstruct complex philosophical arguments. Challenge your assumptions and expand your intellectual horizons.,224,flexibound
Principles of Economics,Economics,"Unlock the secrets of Economics with this definitive guide. Analyzes personal finance, investing, and global trade dynamics. Understand the forces that drive the global economy.",144,paperback
"Physical Geography, 2nd Edition",Geography,"Unlock the secrets of Geography with this definitive guide. Learn to interpret topographic maps and geographic information systems (GIS). Perfect for students interested in travel, environment, and global politics.",96,hardcover
The Elements of Style,Language,"Unlock the secrets of English with this definitive guide. Focuses on sentence structure, essay writing, and rhetorical techniques. Achieve fluency and confidence in communication.",176,flexibound
General Knowledge,Physics,Unlock the secrets of Physics with this definitive guide. Covers essential topics with clarity and depth. A great resource for comprehensive learning.,176,flexibound
Principles of Science,Science,"Unlock the secrets of Science with this definitive guide. Explores the complexities of living organisms, ecosystems, and genetic inheritance. Perfect for budding scientists and future engineers.",224,hardcover
Human Geography,Geography,"Unlock the secrets of Geography with this definitive guide. Investigates human population trends, urbanization, and economic geography. Perfect for students interested in travel, environment, and global politics.",160,flexibound
Linear Algebra Done Right,Math,Master the logic of Mathematics with this essential workbook. Includes varied practice problems ranging from basic arithmetic to complex equations. Builds confidence in tackling difficult numerical challenges.,224,hardcover
Artificial Intelligence,Technology,Unlock the secrets of Computer Science with this definitive guide. Features hands-on projects in web design and app development. Essential skills for the modern workforce and future innovators.,208,flexibound
Microeconomics,Economics,"Unlock the secrets of Economics with this definitive guide. Explores supply and demand, market structures, and fiscal policy. Decipher the complex world of money and markets.",240,hardcover
"The History of Jazz, 2nd Edition",Arts,"Unlock the secrets of Music with this definitive guide. Analyzes musical notation, harmony, and the history of composers. Unleash your creativity and express yourself through various mediums.",224,hardcover
"Geometry for Everyone, Vol. 1",Math,"Master the logic of Mathematics with this essential workbook. Features step-by-step problem solving, proofs, and calculation examples. Essential for success in exams and higher-level mathematics courses.",160,paperback
Geometry for Everyone,Math,"Master the logic of Mathematics with this essential workbook. Covers algebra, geometry, calculus, and statistical analysis in depth. Unlock the language of the universe with clear, concise explanations.",240,paperback
Python Crash Course,Technology,"Unlock the secrets of Computer Science with this definitive guide. Investigates the impact of AI, robotics, and automation on society. Demystifies complex technical concepts for beginners.",96,flexibound
Advanced Chemistry,Science,Unlock the secrets of Chemistry with this definitive guide. Analyze data from real-world scientific studies and experiments. Perfect for budding scientists and future engineers.,160,paperback
Geometry for Everyone,Math,Master the logic of Mathematics with this essential workbook. Learn to apply mathematical concepts to solve real-world engineering problems. Sharpen your logical reasoning and quantitative analysis skills.,144,flexibound
"Thinking, Fast and Slow",Psychology,"Unlock the secrets of Psychology with this definitive guide. Explores cognitive processes, human behavior, and emotional development. Develops empathy and emotional intelligence.",224,flexibound
Discovering Chemistry,Science,"Unlock the secrets of Chemistry with this definitive guide. Covers atomic structure, chemical reactions, and the laws of physics. A must-have for mastering the fundamentals of the scientific curriculum.",240,flexibound
"Study Skills, Vol. 1",Sociology,Unlock the secrets of Sociology with this definitive guide. Includes varied exercises and review sections. Ideal for students and self-learners alike.,208,flexibound
"Introduction to Psychology, 2nd Edition",Psychology,"Unlock the secrets of Psychology with this definitive guide. Covers mental health, therapy techniques, and neurological foundations. Essential for understanding human dynamics in any field.",144,paperback
Introduction to Logic,Philosophy,"Unlock the secrets of Philosophy with this definitive guide. Explores the works of Plato, Aristotle, Kant, and modern thinkers. Challenge your assumptions and expand your intellectual horizons.",176,flexibound
Human Geography,Geography,"Unlock the secrets of Geography with this definitive guide. Features case studies on environmental issues and global sustainability. Perfect for students interested in travel, environment, and global politics.",208,flexibound
The Story of Art,Arts,"Unlock the secrets of Art with this definitive guide. Learn about visual storytelling, cinema, and digital design. Unleash your creativity and express yourself through various mediums.",192,hardcover
"Medieval Europe, 2nd Edition",History,"Journey through the annals of History with this comprehensive text. Explore primary sources, timelines of major events, and cultural impact analysis. Understand the past to better comprehend the present global landscape.",224,hardcover
Medieval Europe,History,"Journey through the annals of History with this comprehensive text. Explore primary sources, timelines of major events, and cultural impact analysis. Develops strong research, argumentation, and critical reading skills.",160,flexibound
"Principles of Economics, Vol. 1",Economics,Unlock the secrets of Economics with this definitive guide. Investigates the history of economic thought and modern financial systems. Decipher the complex world of money and markets.,208,hardcover
Freakonomics,Economics,Unlock the secrets of Economics with this definitive guide. Features case studies on business strategy and entrepreneurship. Essential knowledge for future business leaders and policy makers.,144,hardcover
"Meditations, 2nd Edition",Philosophy,"Unlock the secrets of Philosophy with this definitive guide. Discussion on logic, reasoning, and critical argumentation. Sharpen your critical thinking and argumentative skills.",176,flexibound
"The World of Chemistry, Revised",Science,"Unlock the secrets of Chemistry with this definitive guide. Explores the complexities of living organisms, ecosystems, and genetic inheritance. A must-have for mastering the fundamentals of the scientific curriculum.",240,paperback
Introduction to Logic,Philosophy,"Unlock the secrets of Philosophy with this definitive guide. Examines the fundamental questions of existence, knowledge, and ethics. Explore the deepest questions of human life and society.",128,flexibound
The Rise and Fall of Empires,History,Journey through the annals of History with this comprehensive text. Features biographies of key historical figures and their lasting legacies. Understand the past to better comprehend the present global landscape.,224,hardcover
Critical Thinking,General,Unlock the secrets of Technology with this definitive guide. Includes varied exercises and review sections. A great resource for comprehensive learning.,224,paperback
Beyond Good and Evil,Philosophy,Unlock the secrets of Philosophy with this definitive guide. Investigates moral dilemmas and the nature of human consciousness. Challenge your assumptions and expand your intellectual horizons.,224,flexibound
"Critical Thinking, 2nd Edition",Biology,Unlock the secrets of Biology with this definitive guide. Includes varied exercises and review sections. Ideal for students and self-learners alike.,144,hardcover
General Knowledge,Biology,Unlock the secrets of Biology with this definitive guide. Covers essential topics with clarity and depth. Ideal for students and self-learners alike.,240,paperback
Introduction to Psychology,Psychology,"Unlock the secrets of Psychology with this definitive guide. Covers mental health, therapy techniques, and neurological foundations. Develops empathy and emotional intelligence.",192,paperback
"Science Explained, 2nd Edition",Science,"Unlock the secrets of Science with this definitive guide. Explores the complexities of living organisms, ecosystems, and genetic inheritance. Perfect for budding scientists and future engineers.",160,paperback
Principles of Chemistry,Science,"Unlock the secrets of Chemistry with this definitive guide. Includes detailed lab experiments, safety protocols, and scientific method exercises. Perfect for budding scientists and future engineers.",144,hardcover
"The History of Jazz, Revised",Arts,"Unlock the secrets of Art with this definitive guide. Includes practical exercises in drawing, painting, and sculpture. Perfect for aspiring artists, designers, and musicians.",224,hardcover
Geometry for Everyone,Math,"Master the logic of Mathematics with this essential workbook. Covers algebra, geometry, calculus, and statistical analysis in depth. Builds confidence in tackling difficult numerical challenges.",176,hardcover
Critical Thinking,Physics,Unlock the secrets of Physics with this definitive guide. Covers essential topics with clarity and depth. A great resource for comprehensive learning.,96,paperback
"Critique of Pure Reason, 2nd Edition",Philosophy,Unlock the secrets of Philosophy with this definitive guide. Investigates moral dilemmas and the nature of human consciousness. Sharpen your critical thinking and argumentative skills.,128,flexibound
Introduction to Logic,Philosophy,"Unlock the secrets of Philosophy with this definitive guide. Discussion on logic, reasoning, and critical argumentation. Challenge your assumptions and expand your intellectual horizons.",240,paperback
Understanding Society,Social Studies,"Unlock the secrets of Civics with this definitive guide. Discussion points on ethics, democracy, and community engagement. Develop empathy and understanding for diverse social perspectives.",208,flexibound
Ancient Civilizations,History,Journey through the annals of History with this comprehensive text. Investigate the cause and effect of global events through the ages. Understand the past to better comprehend the present global landscape.,96,flexibound
Civics Today,Social Studies,"Unlock the secrets of Civics with this definitive guide. Investigates global issues like human rights, poverty, and globalization. Critical for navigating the complexities of modern social issues.",192,paperback
"Science Explained, 2nd Edition",Science,Unlock the secrets of Science with this definitive guide. Analyze data from real-world scientific studies and experiments. Perfect for budding scientists and future engineers.,144,hardcover
Literature: An Introduction,Language,Unlock the secrets of English with this definitive guide. Features classic literature excerpts for reading comprehension and analysis. Essential for academic writing and professional communication.,144,paperback
The Rise and Fall of Empires,History,Journey through the annals of History with this comprehensive text. Features biographies of key historical figures and their lasting legacies. Connects historical events to modern-day societal issues.,96,hardcover
General Knowledge,Physics,Unlock the secrets of Physics with this definitive guide. Includes varied exercises and review sections. Ideal for students and self-learners alike.,128,flexibound
Literature: An Introduction,Language,Unlock the secrets of Slovenian with this definitive guide. Features classic literature excerpts for reading comprehension and analysis. Achieve fluency and confidence in communication.,224,paperback
Mastering English,Language,"Unlock the secrets of English with this definitive guide. Includes comprehensive grammar rules, vocabulary lists, and conjugation tables. Unlock the power of expression through mastering language mechanics.",208,hardcover
Beyond Good and Evil,Philosophy,"Unlock the secrets of Philosophy with this definitive guide. Explores the works of Plato, Aristotle, Kant, and modern thinkers. Explore the deepest questions of human life and society.",224,flexibound
Introduction to Sociology,Social Studies,"Unlock the secrets of Civics with this definitive guide. Explores social institutions, cultural norms, and societal dynamics. Critical for navigating the complexities of modern social issues.",224,flexibound
English Grammar in Use,Language,Unlock the secrets of German with this definitive guide. Features classic literature excerpts for reading comprehension and analysis. Unlock the power of expression through mastering language mechanics.,176,paperback
"Discovering Chemistry, Revised",Science,Unlock the secrets of Chemistry with this definitive guide. Analyze data from real-world scientific studies and experiments. Develops critical observation and analytical skills required for STEM fields.,96,hardcover
"Mastering Slovenian, 2nd Edition",Language,"Unlock the secrets of Slovenian with this definitive guide. Practice dialogue, pronunciation, and listening skills with interactive modules. Essential for academic writing and professional communication.",240,flexibound
Mastering Science,Science,"Unlock the secrets of Science with this definitive guide. Covers atomic structure, chemical reactions, and the laws of physics. Helps students understand the natural world through empirical evidence.",176,flexibound
The Elements of Style,Language,"Unlock the secrets of German with this definitive guide. Explore the nuances of poetry, prose, and dramatic writing. Unlock the power of expression through mastering language mechanics.",160,paperback
"Ancient Civilizations, 2nd Edition",History,"Journey through the annals of History with this comprehensive text. Examines the social, political, and economic drivers of historical change. A comprehensive guide for anyone passionate about human history.",160,hardcover
"Physical Geography, Revised",Geography,Unlock the secrets of Geography with this definitive guide. Learn to interpret topographic maps and geographic information systems (GIS). Gain a global perspective on cultural and environmental diversity.,144,hardcover
"Critique of Pure Reason, Vol. 1",Philosophy,"Unlock the secrets of Philosophy with this definitive guide. Examines the fundamental questions of existence, knowledge, and ethics. Sharpen your critical thinking and argumentative skills.",96,flexibound
"Slovenian Vocabulary Builder, Revised",Language,Unlock the secrets of Slovenian with this definitive guide. Features classic literature excerpts for reading comprehension and analysis. Essential for academic writing and professional communication.,192,hardcover
The Story of Art,Arts,"Unlock the secrets of Music with this definitive guide. Analyzes musical notation, harmony, and the history of composers. Unleash your creativity and express yourself through various mediums.",192,hardcover
Civics Today,Social Studies,"Unlock the secrets of Civics with this definitive guide. Learn about the foundations of modern society and political systems. Prepares students for roles in public service, law, and sociology.",144,hardcover
"Creative Writing 101, Vol. 1",Language,"Unlock the secrets of English with this definitive guide. Explore the nuances of poetry, prose, and dramatic writing. Deepen your appreciation for literature and cultural storytelling.",96,hardcover
Discovering Science,Science,Unlock the secrets of Science with this definitive guide. Features diagrams of molecular structures and physical forces in action. Develops critical observation and analytical skills required for STEM fields.,208,flexibound
Linear Algebra Done Right,Math,Master the logic of Mathematics with this essential workbook. Learn to apply mathematical concepts to solve real-world engineering problems. Builds confidence in tackling difficult numerical challenges.,192,flexibound
Study Skills,Sociology,Unlock the secrets of Sociology with this definitive guide. Includes varied exercises and review sections. Ideal for students and self-learners alike.,176,hardcover
"Drawing on the Right Side of the Brain, Revised",Arts,"Unlock the secrets of Music with this definitive guide. Includes practical exercises in drawing, painting, and sculpture. Perfect for aspiring artists, designers, and musicians.",224,hardcover
"Human Geography, Revised",Geography,"Unlock the secrets of Geography with this definitive guide. Explores physical landscapes, tectonic activity, and weather patterns. Gain a global perspective on cultural and environmental diversity.",192,hardcover
Abnormal Psychology,Psychology,Unlock the secrets of Psychology with this definitive guide. Learn about the scientific methods used to study the human mind. A fascinating dive into the science of what makes us tick.,192,hardcover
"Introduction to Chemistry, Revised",Science,"Unlock the secrets of Chemistry with this definitive guide. Covers atomic structure, chemical reactions, and the laws of physics. A must-have for mastering the fundamentals of the scientific curriculum.",240,hardcover
"The Wealth of Nations, Vol. 1",Economics,Unlock the secrets of Economics with this definitive guide. Features case studies on business strategy and entrepreneurship. Make informed financial decisions in your personal and professional life.,176,flexibound
Chemistry Explained,Science,"Unlock the secrets of Chemistry with this definitive guide. Covers atomic structure, chemical reactions, and the laws of physics. Develops critical observation and analytical skills required for STEM fields.",96,paperback
"The Wealth of Nations, Vol. 1",Economics,"Unlock the secrets of Economics with this definitive guide. Explores supply and demand, market structures, and fiscal policy. Decipher the complex world of money and markets.",192,paperback
General Knowledge,Biology,Unlock the secrets of Biology with this definitive guide. Covers essential topics with clarity and depth. Ideal for students and self-learners alike.,96,paperback
"English Grammar in Use, Revised",Language,"Unlock the secrets of Slovenian with this definitive guide. Includes comprehensive grammar rules, vocabulary lists, and conjugation tables. Deepen your appreciation for literature and cultural storytelling.",208,hardcover
Discrete Mathematics,Math,"Master the logic of Mathematics with this essential workbook. Includes varied practice problems ranging from basic arithmetic to complex equations. Unlock the language of the universe with clear, concise explanations.",192,paperback
Study Skills,Sociology,Unlock the secrets of Sociology with this definitive guide. Includes varied exercises and review sections. A great resource for comprehensive learning.,144,paperback
Data Science Essentials,Technology,Unlock the secrets of Computer Science with this definitive guide. Master digital literacy tools and data management techniques. Stay ahead in the rapidly evolving digital world.,240,paperback
"Introduction to Chemistry, Vol. 1",Science,"Unlock the secrets of Chemistry with this definitive guide. Covers atomic structure, chemical reactions, and the laws of physics. Helps students understand the natural world through empirical evidence.",176,paperback
"Introduction to Cartography, Vol. 1",Geography,Unlock the secrets of Geography with this definitive guide. Features case studies on environmental issues and global sustainability. Gain a global perspective on cultural and environmental diversity.,160,hardcover
Cognitive Psychology,Psychology,"Unlock the secrets of Psychology with this definitive guide. Analyzes social interactions, personality types, and motivation. Gain insight into your own mind and the behavior of others.",176,flexibound
"English Grammar in Use, Vol. 1",Language,"Unlock the secrets of German with this definitive guide. Focuses on sentence structure, essay writing, and rhetorical techniques. Essential for academic writing and professional communication.",96,hardcover
Modern World History,History,"Journey through the annals of History with this comprehensive text. Chronicles the rise and fall of civilizations, wars, and revolutions. Connects historical events to modern-day societal issues.",240,flexibound
Introduction to Science,Science,"Unlock the secrets of Science with this definitive guide. Covers atomic structure, chemical reactions, and the laws of physics. Helps students understand the natural world through empirical evidence.",208,paperback
English Grammar in Use,Language,"Unlock the secrets of English with this definitive guide. Explore the nuances of poetry, prose, and dramatic writing. Essential for academic writing and professional communication.",160,flexibound
The Man Who Mistook His Wife for a Hat,Psychology,"Unlock the secrets of Psychology with this definitive guide. Explores cognitive processes, human behavior, and emotional development. Gain insight into your own mind and the behavior of others.",240,hardcover
Study Skills,General,Unlock the secrets of Technology with this definitive guide. Includes varied exercises and review sections. Ideal for students and self-learners alike.,224,hardcover
Geometry for Everyone,Math,Master the logic of Mathematics with this essential workbook. Learn to apply mathematical concepts to solve real-world engineering problems. Builds confidence in tackling difficult numerical challenges.,128,hardcover
English Grammar in Use,Language,"Unlock the secrets of Slovenian with this definitive guide. Practice dialogue, pronunciation, and listening skills with interactive modules. Essential for academic writing and professional communication.",192,hardcover
"The Art of Problem Solving, Vol. 1",Math,"Master the logic of Mathematics with this essential workbook. Covers algebra, geometry, calculus, and statistical analysis in depth. Essential for success in exams and higher-level mathematics courses.",208,paperback
"American Government, Revised",Social Studies,"Unlock the secrets of Civics with this definitive guide. Investigates global issues like human rights, poverty, and globalization. Prepares students for roles in public service, law, and sociology.",192,hardcover
The Elements of Style,Language,"Unlock the secrets of German with this definitive guide. Explore the nuances of poetry, prose, and dramatic writing. Deepen your appreciation for literature and cultural storytelling.",224,paperback
Art History,Arts,"Unlock the secrets of Art with this definitive guide. Learn about visual storytelling, cinema, and digital design. Develop a refined aesthetic sense and critical appreciation of art.",128,hardcover
"Introduction to Cartography, 2nd Edition",Geography,Unlock the secrets of Geography with this definitive guide. Features case studies on environmental issues and global sustainability. Crucial for understanding the complex relationship between humans and the earth.,192,flexibound
Critical Thinking,Biology,Unlock the secrets of Biology with this definitive guide. Covers essential topics with clarity and depth. Ideal for students and self-learners alike.,144,hardcover
General Knowledge,Sociology,Unlock the secrets of Sociology with this definitive guide. Includes varied exercises and review sections. A great resource for comprehensive learning.,144,hardcover
Linear Algebra Done Right,Math,"Master the logic of Mathematics with this essential workbook. Learn to apply mathematical concepts to solve real-world engineering problems. Unlock the language of the universe with clear, concise explanations.",160,hardcover
Existentialism,Philosophy,"Unlock the secrets of Philosophy with this definitive guide. Discussion on logic, reasoning, and critical argumentation. Essential for developing a structured and logical worldview.",176,hardcover
"Introduction to Sociology, Revised",Social Studies,Unlock the secrets of Civics with this definitive guide. Learn about the foundations of modern society and political systems. Develop empathy and understanding for diverse social perspectives.,224,flexibound
"Mastering German, Revised",Language,"Unlock the secrets of German with this definitive guide. Focuses on sentence structure, essay writing, and rhetorical techniques. Essential for academic writing and professional communication.",224,paperback
Freakonomics,Economics,Unlock the secrets of Economics with this definitive guide. Learn to interpret economic indicators and statistical data. Essential knowledge for future business leaders and policy makers.,224,paperback
The Renaissance,History,"Journey through the annals of History with this comprehensive text. Investigate the cause and effect of global events through the ages. Develops strong research, argumentation, and critical reading skills.",144,paperback
The Elements of Style,Language,"Unlock the secrets of German with this definitive guide. Explore the nuances of poetry, prose, and dramatic writing. Essential for academic writing and professional communication.",192,hardcover
"Critical Thinking, Revised",General,Unlock the secrets of Technology with this definitive guide. Covers essential topics with clarity and depth. A great resource for comprehensive learning.,208,paperback
Mastering English,Language,"Unlock the secrets of English with this definitive guide. Focuses on sentence structure, essay writing, and rhetorical techniques. Deepen your appreciation for literature and cultural storytelling.",224,paperback
Global Issues,Geography,"Unlock the secrets of Geography with this definitive guide. Explores physical landscapes, tectonic activity, and weather patterns. Gain a global perspective on cultural and environmental diversity.",128,flexibound
"Slovenian Vocabulary Builder, 2nd Edition",Language,"Unlock the secrets of Slovenian with this definitive guide. Focuses on sentence structure, essay writing, and rhetorical techniques. Achieve fluency and confidence in communication.",96,paperback
"The World of Science, 2nd Edition",Science,"Unlock the secrets of Science with this definitive guide. Includes detailed lab experiments, safety protocols, and scientific method exercises. Develops critical observation and analytical skills required for STEM fields.",96,flexibound
"Critical Thinking, Vol. 1",General,Unlock the secrets of Technology with this definitive guide. Includes varied exercises and review sections. A great resource for comprehensive learning.,176,hardcover
"Literature: An Introduction, Vol. 1",Language,Unlock the secrets of German with this definitive guide. Features classic literature excerpts for reading comprehension and analysis. Unlock the power of expression through mastering language mechanics.,128,paperback
Drawing on the Right Side of the Brain,Arts,"Unlock the secrets of Art with this definitive guide. Learn about visual storytelling, cinema, and digital design. Develop a refined aesthetic sense and critical appreciation of art.",224,flexibound
Introduction to Science,Science,"Unlock the secrets of Science with this definitive guide. Explores the complexities of living organisms, ecosystems, and genetic inheritance. Develops critical observation and analytical skills required for STEM fields.",192,paperback
Introduction to Computer Science,Technology,"Unlock the secrets of Computer Science with this definitive guide. Investigates the impact of AI, robotics, and automation on society. Essential skills for the modern workforce and future innovators.",176,paperback
Principles of Economics,Economics,Unlock the secrets of Economics with this definitive guide. Learn to interpret economic indicators and statistical data. Make informed financial decisions in your personal and professional life.,240,paperback
Calculus: Early Transcendentals,Math,Master the logic of Mathematics with this essential workbook. Learn to apply mathematical concepts to solve real-world engineering problems. Sharpen your logical reasoning and quantitative analysis skills.,176,flexibound
The History of Jazz,Arts,"Unlock the secrets of Music with this definitive guide. Learn about visual storytelling, cinema, and digital design. Develop a refined aesthetic sense and critical appreciation of art.",144,hardcover
Cognitive Psychology,Psychology,Unlock the secrets of Psychology with this definitive guide. Investigates famous psychological experiments and their findings. Gain insight into your own mind and the behavior of others.,240,flexibound
The Renaissance,History,"Journey through the annals of History with this comprehensive text. Examines the social, political, and economic drivers of historical change. Connects historical events to modern-day societal issues.",176,hardcover
Abnormal Psychology,Psychology,"Unlock the secrets of Psychology with this definitive guide. Covers mental health, therapy techniques, and neurological foundations. Develops empathy and emotional intelligence.",192,flexibound
Mastering English,Language,"Unlock the secrets of English with this definitive guide. Practice dialogue, pronunciation, and listening skills with interactive modules. Unlock the power of expression through mastering language mechanics.",176,hardcover
Python Crash Course,Technology,Unlock the secrets of Computer Science with this definitive guide. Features hands-on projects in web design and app development. Stay ahead in the rapidly evolving digital world.,128,flexibound
"Macroeconomics, Vol. 1",Economics,Unlock the secrets of Economics with this definitive guide. Features case studies on business strategy and entrepreneurship. Make informed financial decisions in your personal and professional life.,128,paperback
The Elements of Style,Language,"Unlock the secrets of English with this definitive guide. Focuses on sentence structure, essay writing, and rhetorical techniques. Achieve fluency and confidence in communication.",160,paperback
Cognitive Psychology,Psychology,Unlock the secrets of Psychology with this definitive guide. Investigates famous psychological experiments and their findings. Develops empathy and emotional intelligence.,208,hardcover
Artificial Intelligence,Technology,"Unlock the secrets of Computer Science with this definitive guide. Investigates the impact of AI, robotics, and automation on society. Empowers you to create, not just consume, technology.",144,flexibound
Mastering German,Language,Unlock the secrets of German with this definitive guide. Features classic literature excerpts for reading comprehension and analysis. Essential for academic writing and professional communication.,224,hardcover
"Freakonomics, 2nd Edition",Economics,"Unlock the secrets of Economics with this definitive guide. Analyzes personal finance, investing, and global trade dynamics. Essential knowledge for future business leaders and policy makers.",96,flexibound
"Color Theory, Vol. 1",Arts,"Unlock the secrets of Art with this definitive guide. Analyzes musical notation, harmony, and the history of composers. A journey through the beauty of human expression.",144,flexibound
The Story of Art,Arts,Unlock the secrets of Art with this definitive guide. Features history of art movements from the Renaissance to Modernism. A journey through the beauty of human expression.,144,paperback
Linear Algebra Done Right,Math,Master the logic of Mathematics with this essential workbook. Learn to apply mathematical concepts to solve real-world engineering problems. Builds confidence in tackling difficult numerical challenges.,176,hardcover
The Renaissance,History,Journey through the annals of History with this comprehensive text. Investigate the cause and effect of global events through the ages. A comprehensive guide for anyone passionate about human history.,144,flexibound
"Meditations, Vol. 1",Philosophy,"Unlock the secrets of Philosophy with this definitive guide. Explores the works of Plato, Aristotle, Kant, and modern thinkers. Essential for developing a structured and logical worldview.",160,hardcover
"A People's History of Europe, 2nd Edition",History,Journey through the annals of History with this comprehensive text. Investigate the cause and effect of global events through the ages. Understand the past to better comprehend the present global landscape.,160,paperback
"Mastering English, Revised",Language,"Unlock the secrets of English with this definitive guide. Includes comprehensive grammar rules, vocabulary lists, and conjugation tables. Unlock the power of expression through mastering language mechanics.",144,flexibound
Global Issues,Geography,"Unlock the secrets of Geography with this definitive guide. Explores physical landscapes, tectonic activity, and weather patterns. Crucial for understanding the complex relationship between humans and the earth.",144,hardcover
Critical Thinking,Physics,Unlock the secrets of Physics with this definitive guide. Includes varied exercises and review sections. A great resource for comprehensive learning.,128,paperback
Study Skills,General,Unlock the secrets of Technology with this definitive guide. Includes varied exercises and review sections. A great resource for comprehensive learning.,96,flexibound
Slovenian Vocabulary Builder,Language,Unlock the secrets of Slovenian with this definitive guide. Features classic literature excerpts for reading comprehension and analysis. Deepen your appreciation for literature and cultural storytelling.,240,paperback
Principles of Science,Science,Unlock the secrets of Science with this definitive guide. Analyze data from real-world scientific studies and experiments. Perfect for budding scientists and future engineers.,176,flexibound
Music Theory 101,Arts,"Unlock the secrets of Art with this definitive guide. Analyzes musical notation, harmony, and the history of composers. Perfect for aspiring artists, designers, and musicians.",208,paperback
The Art of Problem Solving,Math,"Master the logic of Mathematics with this essential workbook. Explores mathematical logic, set theory, and function graphing. Essential for success in exams and higher-level mathematics courses.",160,flexibound
Introduction to Psychology,Psychology,"Unlock the secrets of Psychology with this definitive guide. Covers mental health, therapy techniques, and neurological foundations. Essential for understanding human dynamics in any field.",176,paperback
"Cultural Anthropology, 2nd Edition",Social Studies,"Unlock the secrets of Civics with this definitive guide. Explores social institutions, cultural norms, and societal dynamics. Become an informed and active citizen in a democratic society.",240,flexibound
"Critical Thinking, Vol. 1",General,Unlock the secrets of Technology with this definitive guide. Covers essential topics with clarity and depth. A great resource for comprehensive learning.,96,flexibound
"Principles of Economics, Revised",Economics,"Unlock the secrets of Economics with this definitive guide. Analyzes personal finance, investing, and global trade dynamics. Decipher the complex world of money and markets.",192,hardcover
The Elements of Style,Language,"Unlock the secrets of German with this definitive guide. Includes comprehensive grammar rules, vocabulary lists, and conjugation tables. Essential for academic writing and professional communication.",240,hardcover
Medieval Europe,History,"Journey through the annals of History with this comprehensive text. Features biographies of key historical figures and their lasting legacies. Develops strong research, argumentation, and critical reading skills.",192,hardcover
"Chemistry Explained, 2nd Edition",Science,"Unlock the secrets of Chemistry with this definitive guide. Explores the complexities of living organisms, ecosystems, and genetic inheritance. Helps students understand the natural world through empirical evidence.",144,hardcover
General Knowledge,Sociology,Unlock the secrets of Sociology with this definitive guide. Covers essential topics with clarity and depth. Ideal for students and self-learners alike.,176,paperback
Cognitive Psychology,Psychology,Unlock the secrets of Psychology with this definitive guide. Investigates famous psychological experiments and their findings. A fascinating dive into the science of what makes us tick.,224,hardcover
The Elements of Style,Language,"Unlock the secrets of German with this definitive guide. Focuses on sentence structure, essay writing, and rhetorical techniques. Achieve fluency and confidence in communication.",128,hardcover
"Drawing on the Right Side of the Brain, Vol. 1",Arts,"Unlock the secrets of Art with this definitive guide. Includes practical exercises in drawing, painting, and sculpture. Unleash your creativity and express yourself through various mediums.",224,hardcover
"Study Skills, Vol. 1",General,Unlock the secrets of Technology with this definitive guide. Includes varied exercises and review sections. Ideal for students and self-learners alike.,128,flexibound
Study Skills,Sociology,Unlock the secrets of Sociology with this definitive guide. Includes varied exercises and review sections. A great resource for comprehensive learning.,240,hardcover
Global Issues,Geography,"Unlock the secrets of Geography with this definitive guide. Explores physical landscapes, tectonic activity, and weather patterns. Master the tools needed to analyze spatial data effectively.",160,paperback
Freakonomics,Economics,Unlock the secrets of Economics with this definitive guide. Investigates the history of economic thought and modern financial systems. Decipher the complex world of money and markets.,240,flexibound
"Science Explained, Vol. 1",Science,"Unlock the secrets of Science with this definitive guide. Covers atomic structure, chemical reactions, and the laws of physics. Develops critical observation and analytical skills required for STEM fields.",176,paperback
"Introduction to Statistics, 2nd Edition",Math,"Master the logic of Mathematics with this essential workbook. Learn to apply mathematical concepts to solve real-world engineering problems. Unlock the language of the universe with clear, concise explanations.",96,flexibound
Study Skills,General,Unlock the secrets of Technology with this definitive guide. Covers essential topics with clarity and depth. Ideal for students and self-learners alike.,160,paperback
Color Theory,Arts,"Unlock the secrets of Art with this definitive guide. Explores color theory, composition, and artistic techniques. A journey through the beauty of human expression.",128,paperback
Music Theory 101,Arts,Unlock the secrets of Music with this definitive guide. Features history of art movements from the Renaissance to Modernism. A journey through the beauty of human expression.,192,paperback
"Social Problems, 2nd Edition",Social Studies,"Unlock the secrets of Civics with this definitive guide. Discussion points on ethics, democracy, and community engagement. Critical for navigating the complexities of modern social issues.",96,hardcover
Literature: An Introduction,Language,"Unlock the secrets of Slovenian with this definitive guide. Focuses on sentence structure, essay writing, and rhetorical techniques. Unlock the power of expression through mastering language mechanics.",176,flexibound
Introduction to Logic,Philosophy,Unlock the secrets of Philosophy with this definitive guide. Learn to construct and deconstruct complex philosophical arguments. Sharpen your critical thinking and argumentative skills.,176,hardcover
Principles of Economics,Economics,Unlock the secrets of Economics with this definitive guide. Learn to interpret economic indicators and statistical data. Make informed financial decisions in your personal and professional life.,160,paperback
Introduction to Cartography,Geography,"Unlock the secrets of Geography with this definitive guide. Explores physical landscapes, tectonic activity, and weather patterns. Perfect for students interested in travel, environment, and global politics.",192,paperback
Study Skills,Sociology,Unlock the secrets of Sociology with this definitive guide. Covers essential topics with clarity and depth. Ideal for students and self-learners alike.,224,paperback
Critical Thinking,Sociology,Unlock the secrets of Sociology with this definitive guide. Covers essential topics with clarity and depth. Ideal for students and self-learners alike.,208,hardcover
General Knowledge,Biology,Unlock the secrets of Biology with this definitive guide. Includes varied exercises and review sections. A great resource for comprehensive learning.,128,paperback
Mastering English,Language,Unlock the secrets of English with this definitive guide. Features classic literature excerpts for reading comprehension and analysis. Achieve fluency and confidence in communication.,224,paperback
General Knowledge,Physics,Unlock the secrets of Physics with this definitive guide. Includes varied exercises and review sections. A great resource for comprehensive learning.,208,flexibound
"Introduction to Logic, 2nd Edition",Philosophy,"Unlock the secrets of Philosophy with this definitive guide. Explores the works of Plato, Aristotle, Kant, and modern thinkers. Challenge your assumptions and expand your intellectual horizons.",192,flexibound
"Freakonomics, 2nd Edition",Economics,Unlock the secrets of Economics with this definitive guide. Learn to interpret economic indicators and statistical data. Understand the forces that drive the global economy.,144,flexibound
Advanced Chemistry,Science,Unlock the secrets of Chemistry with this definitive guide. Analyze data from real-world scientific studies and experiments. Helps students understand the natural world through empirical evidence.,208,paperback
"Introduction to Chemistry, Vol. 1",Science,"Unlock the secrets of Chemistry with this definitive guide. Explores the complexities of living organisms, ecosystems, and genetic inheritance. Helps students understand the natural world through empirical evidence.",128,paperback
Art History,Arts,"Unlock the secrets of Art with this definitive guide. Learn about visual storytelling, cinema, and digital design. Perfect for aspiring artists, designers, and musicians.",192,paperback
Mastering English,Language,"Unlock the secrets of English with this definitive guide. Practice dialogue, pronunciation, and listening skills with interactive modules. Deepen your appreciation for literature and cultural storytelling.",160,flexibound
Understanding Society,Social Studies,"Unlock the secrets of Civics with this definitive guide. Discussion points on ethics, democracy, and community engagement. Critical for navigating the complexities of modern social issues.",224,paperback
The Elements of Style,Language,Unlock the secrets of Slovenian with this definitive guide. Features classic literature excerpts for reading comprehension and analysis. Deepen your appreciation for literature and cultural storytelling.,144,paperback
English Grammar in Use,Language,"Unlock the secrets of German with this definitive guide. Includes comprehensive grammar rules, vocabulary lists, and conjugation tables. Essential for academic writing and professional communication.",224,hardcover
"General Knowledge, 2nd Edition",General,Unlock the secrets of Technology with this definitive guide. Includes varied exercises and review sections. Ideal for students and self-learners alike.,160,flexibound
Physical Geography,Geography,"Unlock the secrets of Geography with this definitive guide. Investigates human population trends, urbanization, and economic geography. Master the tools needed to analyze spatial data effectively.",208,paperback
"Linear Algebra Done Right, 2nd Edition",Math,Master the logic of Mathematics with this essential workbook. Includes varied practice problems ranging from basic arithmetic to complex equations. Builds confidence in tackling difficult numerical challenges.,208,paperback
The Story of Art,Arts,"Unlock the secrets of Art with this definitive guide. Analyzes musical notation, harmony, and the history of composers. Unleash your creativity and express yourself through various mediums.",192,flexibound
The History of Jazz,Arts,"Unlock the secrets of Music with this definitive guide. Explores color theory, composition, and artistic techniques. A journey through the beauty of human expression.",96,paperback
Study Skills,General,Unlock the secrets of Technology with this definitive guide. Covers essential topics with clarity and depth. Ideal for students and self-learners alike.,224,hardcover
"English Grammar in Use, 2nd Edition",Language,"Unlock the secrets of English with this definitive guide. Explore the nuances of poetry, prose, and dramatic writing. Deepen your appreciation for literature and cultural storytelling.",208,paperback
The Power of Place,Geography,"Unlock the secrets of Geography with this definitive guide. Investigates human population trends, urbanization, and economic geography. Perfect for students interested in travel, environment, and global politics.",160,hardcover
Meditations,Philosophy,"Unlock the secrets of Philosophy with this definitive guide. Examines the fundamental questions of existence, knowledge, and ethics. Essential for developing a structured and logical worldview.",240,paperback
Abnormal Psychology,Psychology,"Unlock the secrets of Psychology with this definitive guide. Explores cognitive processes, human behavior, and emotional development. Develops empathy and emotional intelligence.",144,paperback
"Literature: An Introduction, 2nd Edition",Language,Unlock the secrets of Slovenian with this definitive guide. Features classic literature excerpts for reading comprehension and analysis. Achieve fluency and confidence in communication.,96,flexibound
The Story of Art,Arts,"Unlock the secrets of Music with this definitive guide. Learn about visual storytelling, cinema, and digital design. A journey through the beauty of human expression.",224,hardcover
German Vocabulary Builder,Language,"Unlock the secrets of German with this definitive guide. Includes comprehensive grammar rules, vocabulary lists, and conjugation tables. Achieve fluency and confidence in communication.",192,flexibound
Existentialism,Philosophy,"Unlock the secrets of Philosophy with this definitive guide. Explores the works of Plato, Aristotle, Kant, and modern thinkers. Explore the deepest questions of human life and society.",144,flexibound
"Cognitive Psychology, Revised",Psychology,"Unlock the secrets of Psychology with this definitive guide. Covers mental health, therapy techniques, and neurological foundations. A fascinating dive into the science of what makes us tick.",208,paperback
"World Regional Geography, Vol. 1",Geography,"Unlock the secrets of Geography with this definitive guide. Explores physical landscapes, tectonic activity, and weather patterns. Crucial for understanding the complex relationship between humans and the earth.",224,hardcover
"The Man Who Mistook His Wife for a Hat, Vol. 1",Psychology,Unlock the secrets of Psychology with this definitive guide. Investigates famous psychological experiments and their findings. A fascinating dive into the science of what makes us tick.,224,flexibound
"Critical Thinking, Vol. 1",General,Unlock the secrets of Technology with this definitive guide. Covers essential topics with clarity and depth. Ideal for students and self-learners alike.,160,paperback
The Man Who Mistook His Wife for a Hat,Psychology,"Unlock the secrets of Psychology with this definitive guide. Explores cognitive processes, human behavior, and emotional development. A fascinating dive into the science of what makes us tick.",208,paperback
The History of Jazz,Arts,"Unlock the secrets of Art with this definitive guide. Learn about visual storytelling, cinema, and digital design. Unleash your creativity and express yourself through various mediums.",240,hardcover
Ancient Civilizations,History,"Journey through the annals of History with this comprehensive text. Chronicles the rise and fall of civilizations, wars, and revolutions. A comprehensive guide for anyone passionate about human history.",208,hardcover
"The Power of Place, Revised",Geography,Unlock the secrets of Geography with this definitive guide. Features case studies on environmental issues and global sustainability. Gain a global perspective on cultural and environmental diversity.,224,hardcover
"Study Skills, 2nd Edition",Sociology,Unlock the secrets of Sociology with this definitive guide. Includes varied exercises and review sections. A great resource for comprehensive learning.,96,paperback
"The Wealth of Nations, Revised",Economics,Unlock the secrets of Economics with this definitive guide. Features case studies on business strategy and entrepreneurship. Understand the forces that drive the global economy.,160,hardcover
Modern World History,History,"Journey through the annals of History with this comprehensive text. Chronicles the rise and fall of civilizations, wars, and revolutions. Connects historical events to modern-day societal issues.",144,paperback
The Man Who Mistook His Wife for a Hat,Psychology,Unlock the secrets of Psychology with this definitive guide. Investigates famous psychological experiments and their findings. Essential for understanding human dynamics in any field.,208,flexibound
"Music Theory 101, Revised",Arts,"Unlock the secrets of Music with this definitive guide. Learn about visual storytelling, cinema, and digital design. Develop a refined aesthetic sense and critical appreciation of art.",144,flexibound
"The Elements of Style, 2nd Edition",Language,"Unlock the secrets of English with this definitive guide. Focuses on sentence structure, essay writing, and rhetorical techniques. Deepen your appreciation for literature and cultural storytelling.",160,flexibound
Principles of Economics,Economics,"Unlock the secrets of Economics with this definitive guide. Explores supply and demand, market structures, and fiscal policy. Understand the forces that drive the global economy.",176,hardcover
"Study Skills, Revised",Physics,Unlock the secrets of Physics with this definitive guide. Covers essential topics with clarity and depth. A great resource for comprehensive learning.,160,hardcover
"American Government, Vol. 1",Social Studies,"Unlock the secrets of Civics with this definitive guide. Analyzes government structures, civic rights, and legal responsibilities. Become an informed and active citizen in a democratic society.",144,flexibound
Physical Geography,Geography,Unlock the secrets of Geography with this definitive guide. Learn to interpret topographic maps and geographic information systems (GIS). Master the tools needed to analyze spatial data effectively.,224,paperback
Artificial Intelligence,Technology,"Unlock the secrets of Computer Science with this definitive guide. Learn the basics of coding, algorithms, and software development. Empowers you to create, not just consume, technology.",160,flexibound
The Man Who Mistook His Wife for a Hat,Psychology,"Unlock the secrets of Psychology with this definitive guide. Covers mental health, therapy techniques, and neurological foundations. A fascinating dive into the science of what makes us tick.",208,flexibound
General Knowledge,Physics,Unlock the secrets of Physics with this definitive guide. Covers essential topics with clarity and depth. A great resource for comprehensive learning.,176,paperback
General Knowledge,Physics,Unlock the secrets of Physics with this definitive guide. Includes varied exercises and review sections. Ideal for students and self-learners alike.,96,hardcover
General Knowledge,Biology,Unlock the secrets of Biology with this definitive guide. Covers essential topics with clarity and depth. A great resource for comprehensive learning.,176,hardcover
Microeconomics,Economics,Unlock the secrets of Economics with this definitive guide. Investigates the history of economic thought and modern financial systems. Essential knowledge for future business leaders and policy makers.,224,hardcover
Literature: An Introduction,Language,"Unlock the secrets of Slovenian with this definitive guide. Includes comprehensive grammar rules, vocabulary lists, and conjugation tables. Deepen your appreciation for literature and cultural storytelling.",160,flexibound
"Macroeconomics, Revised",Economics,Unlock the secrets of Economics with this definitive guide. Investigates the history of economic thought and modern financial systems. Essential knowledge for future business leaders and policy makers.,208,flexibound
Human Geography,Geography,Unlock the secrets of Geography with this definitive guide. Learn to interpret topographic maps and geographic information systems (GIS). Gain a global perspective on cultural and environmental diversity.,128,paperback
Principles of Economics,Economics,Unlock the secrets of Economics with this definitive guide. Learn to interpret economic indicators and statistical data. Understand the forces that drive the global economy.,224,flexibound
Drawing on the Right Side of the Brain,Arts,"Unlock the secrets of Music with this definitive guide. Includes practical exercises in drawing, painting, and sculpture. Develop a refined aesthetic sense and critical appreciation of art.",176,hardcover
"The Elements of Style, Vol. 1",Language,Unlock the secrets of English with this definitive guide. Features classic literature excerpts for reading comprehension and analysis. Deepen your appreciation for literature and cultural storytelling.,160,flexibound
"English Grammar in Use, Vol. 1",Language,"Unlock the secrets of Slovenian with this definitive guide. Includes comprehensive grammar rules, vocabulary lists, and conjugation tables. Achieve fluency and confidence in communication.",224,hardcover
General Knowledge,Sociology,Unlock the secrets of Sociology with this definitive guide. Covers essential topics with clarity and depth. A great resource for comprehensive learning.,160,paperback
Discovering Chemistry,Science,Unlock the secrets of Chemistry with this definitive guide. Analyze data from real-world scientific studies and experiments. Develops critical observation and analytical skills required for STEM fields.,128,hardcover
Human Geography,Geography,"Unlock the secrets of Geography with this definitive guide. Investigates human population trends, urbanization, and economic geography. Crucial for understanding the complex relationship between humans and the earth.",144,flexibound
Advanced Chemistry,Science,"Unlock the secrets of Chemistry with this definitive guide. Includes detailed lab experiments, safety protocols, and scientific method exercises. Develops critical observation and analytical skills required for STEM fields.",240,hardcover
Creative Writing 101,Language,Unlock the secrets of Slovenian with this definitive guide. Features classic literature excerpts for reading comprehension and analysis. Essential for academic writing and professional communication.,96,flexibound
"The Renaissance, Revised",History,Journey through the annals of History with this comprehensive text. Features biographies of key historical figures and their lasting legacies. Understand the past to better comprehend the present global landscape.,208,paperback
Understanding Society,Social Studies,"Unlock the secrets of Civics with this definitive guide. Explores social institutions, cultural norms, and societal dynamics. Critical for navigating the complexities of modern social issues.",128,paperback
"Cognitive Psychology, Revised",Psychology,Unlock the secrets of Psychology with this definitive guide. Learn about the scientific methods used to study the human mind. Develops empathy and emotional intelligence.,128,paperback
